選手名,球団,区分,打率,打数,安打,本塁打,打点,更新日
小林 誠司,読売ジャイアンツ,対右,0.500,2,1,0,0,2026/05/17
大城 卓三,読売ジャイアンツ,対右,0.302,43,13,3,10,2026/05/17
大城 卓三,読売ジャイアンツ,対左,0.353,17,6,1,1,2026/05/17
岸田 行倫,読売ジャイアンツ,対右,0.278,36,10,1,5,2026/05/17
岸田 行倫,読売ジャイアンツ,対左,0.219,32,7,0,3,2026/05/17
山瀬 慎之助,読売ジャイアンツ,対右,0.167,6,1,0,1,2026/05/17
山瀬 慎之助,読売ジャイアンツ,対左,0.286,7,2,1,1,2026/05/17
吉川 尚輝,読売ジャイアンツ,対右,0.290,31,9,0,1,2026/05/17
吉川 尚輝,読売ジャイアンツ,対左,0.095,21,2,0,0,2026/05/17
門脇 誠,読売ジャイアンツ,対右,0.167,12,2,0,0,2026/05/17
門脇 誠,読売ジャイアンツ,対左,0.143,7,1,0,0,2026/05/17
坂本 勇人,読売ジャイアンツ,対右,0.111,18,2,1,3,2026/05/17
坂本 勇人,読売ジャイアンツ,対左,0.207,29,6,1,1,2026/05/17
石塚 裕惺,読売ジャイアンツ,対右,0.125,8,1,0,2,2026/05/17
石塚 裕惺,読売ジャイアンツ,対左,0.000,3,0,0,0,2026/05/17
ダルベック,読売ジャイアンツ,対右,0.280,82,23,6,14,2026/05/17
ダルベック,読売ジャイアンツ,対左,0.208,53,11,2,8,2026/05/17
浦田 俊輔,読売ジャイアンツ,対右,0.273,66,18,0,6,2026/05/17
浦田 俊輔,読売ジャイアンツ,対左,0.190,42,8,0,2,2026/05/17
小濱 佑斗,読売ジャイアンツ,対右,0.200,10,2,0,1,2026/05/17
小濱 佑斗,読売ジャイアンツ,対左,0.273,11,3,0,4,2026/05/17
泉口 友汰,読売ジャイアンツ,対右,0.193,57,11,2,6,2026/05/17
泉口 友汰,読売ジャイアンツ,対左,0.267,45,12,1,2,2026/05/17
増田 陸,読売ジャイアンツ,対右,0.279,61,17,1,8,2026/05/17
増田 陸,読売ジャイアンツ,対左,0.268,41,11,1,3,2026/05/17
宇都宮 葵星,読売ジャイアンツ,対右,1.000,1,1,0,0,2026/05/17
宇都宮 葵星,読売ジャイアンツ,対左,0.000,1,0,0,0,2026/05/17
平山 功太,読売ジャイアンツ,対右,0.200,35,7,0,4,2026/05/17
平山 功太,読売ジャイアンツ,対左,0.333,30,10,1,4,2026/05/17
丸 佳浩,読売ジャイアンツ,対右,0.100,20,2,1,6,2026/05/17
丸 佳浩,読売ジャイアンツ,対左,0.000,3,0,0,0,2026/05/17
松本 剛,読売ジャイアンツ,対右,0.129,31,4,0,0,2026/05/17
松本 剛,読売ジャイアンツ,対左,0.229,48,11,0,2,2026/05/17
萩尾 匡也,読売ジャイアンツ,対右,0.000,2,0,0,0,2026/05/17
キャベッジ,読売ジャイアンツ,対右,0.299,77,23,5,11,2026/05/17
キャベッジ,読売ジャイアンツ,対左,0.263,76,20,2,3,2026/05/17
皆川 岳飛,読売ジャイアンツ,対右,0.200,5,1,0,0,2026/05/17
皆川 岳飛,読売ジャイアンツ,対左,0.000,3,0,0,0,2026/05/17
中山 礼都,読売ジャイアンツ,対右,0.184,38,7,0,1,2026/05/17
中山 礼都,読売ジャイアンツ,対左,0.050,20,1,0,0,2026/05/17
佐々木 俊輔,読売ジャイアンツ,対右,0.314,70,22,4,10,2026/05/17
佐々木 俊輔,読売ジャイアンツ,対左,0.143,28,4,0,1,2026/05/17
若林 楽人,読売ジャイアンツ,対右,0.000,7,0,0,0,2026/05/17
若林 楽人,読売ジャイアンツ,対左,0.333,12,4,0,0,2026/05/17
古賀 優大,東京ヤクルトスワローズ,対右,0.282,78,22,0,10,2026/05/17
古賀 優大,東京ヤクルトスワローズ,対左,0.286,21,6,0,3,2026/05/17
中村 悠平,東京ヤクルトスワローズ,対右,0.125,8,1,0,0,2026/05/17
中村 悠平,東京ヤクルトスワローズ,対左,0.167,6,1,0,0,2026/05/17
橋本 星哉,東京ヤクルトスワローズ,対右,0.154,13,2,0,1,2026/05/17
橋本 星哉,東京ヤクルトスワローズ,対左,0.000,1,0,0,0,2026/05/17
鈴木 叶,東京ヤクルトスワローズ,対右,0.256,39,10,1,7,2026/05/17
鈴木 叶,東京ヤクルトスワローズ,対左,0.150,20,3,0,2,2026/05/17
赤羽 由紘,東京ヤクルトスワローズ,対右,0.263,38,10,1,3,2026/05/17
赤羽 由紘,東京ヤクルトスワローズ,対左,0.286,21,6,1,3,2026/05/17
内山 壮真,東京ヤクルトスワローズ,対右,0.356,45,16,1,7,2026/05/17
内山 壮真,東京ヤクルトスワローズ,対左,0.091,11,1,1,1,2026/05/17
長岡 秀樹,東京ヤクルトスワローズ,対右,0.303,76,23,0,3,2026/05/17
長岡 秀樹,東京ヤクルトスワローズ,対左,0.176,34,6,0,2,2026/05/17
茂木 栄五郎,東京ヤクルトスワローズ,対右,0.227,22,5,0,1,2026/05/17
茂木 栄五郎,東京ヤクルトスワローズ,対左,0.000,3,0,0,0,2026/05/17
宮本 丈,東京ヤクルトスワローズ,対右,0.333,15,5,1,3,2026/05/17
宮本 丈,東京ヤクルトスワローズ,対左,0.000,1,0,0,0,2026/05/17
石井 巧,東京ヤクルトスワローズ,対右,0.000,4,0,0,0,2026/05/17
石井 巧,東京ヤクルトスワローズ,対左,0.125,8,1,0,1,2026/05/17
北村 恵吾,東京ヤクルトスワローズ,対右,0.250,4,1,0,1,2026/05/17
北村 恵吾,東京ヤクルトスワローズ,対左,0.000,9,0,0,0,2026/05/17
田中 陽翔,東京ヤクルトスワローズ,対右,0.206,34,7,0,1,2026/05/17
田中 陽翔,東京ヤクルトスワローズ,対左,0.222,9,2,0,2,2026/05/17
武岡 龍世,東京ヤクルトスワローズ,対右,0.209,91,19,2,7,2026/05/17
武岡 龍世,東京ヤクルトスワローズ,対左,0.450,20,9,1,4,2026/05/17
伊藤 琉偉,東京ヤクルトスワローズ,対右,0.143,49,7,1,2,2026/05/17
伊藤 琉偉,東京ヤクルトスワローズ,対左,0.194,31,6,1,4,2026/05/17
並木 秀尊,東京ヤクルトスワローズ,対右,0.308,26,8,0,1,2026/05/17
並木 秀尊,東京ヤクルトスワローズ,対左,0.222,18,4,1,1,2026/05/17
丸山 和郁,東京ヤクルトスワローズ,対右,0.419,62,26,2,8,2026/05/17
丸山 和郁,東京ヤクルトスワローズ,対左,0.231,13,3,0,0,2026/05/17
サンタナ,東京ヤクルトスワローズ,対右,0.255,98,25,8,17,2026/05/17
サンタナ,東京ヤクルトスワローズ,対左,0.242,33,8,1,1,2026/05/17
モイセエフ ニキータ,東京ヤクルトスワローズ,対右,-,0,0,0,0,2026/05/17
モイセエフ ニキータ,東京ヤクルトスワローズ,対左,0.000,1,0,0,0,2026/05/17
澤井 廉,東京ヤクルトスワローズ,対右,0.182,11,2,1,2,2026/05/17
澤井 廉,東京ヤクルトスワローズ,対左,0.400,5,2,0,0,2026/05/17
増田 珠,東京ヤクルトスワローズ,対右,0.356,45,16,3,10,2026/05/17
増田 珠,東京ヤクルトスワローズ,対左,0.259,27,7,0,3,2026/05/17
岩田 幸宏,東京ヤクルトスワローズ,対右,0.268,97,26,1,9,2026/05/17
岩田 幸宏,東京ヤクルトスワローズ,対左,0.280,25,7,0,1,2026/05/17
松尾 汐恩,横浜DeNAベイスターズ,対右,0.129,31,4,0,1,2026/05/17
松尾 汐恩,横浜DeNAベイスターズ,対左,0.300,20,6,0,2,2026/05/17
戸柱 恭孝,横浜DeNAベイスターズ,対右,0.375,8,3,0,3,2026/05/17
戸柱 恭孝,横浜DeNAベイスターズ,対左,0.167,6,1,0,0,2026/05/17
九鬼 隆平,横浜DeNAベイスターズ,対右,0.500,2,1,0,0,2026/05/17
九鬼 隆平,横浜DeNAベイスターズ,対左,0.000,3,0,0,0,2026/05/17
林 琢真,横浜DeNAベイスターズ,対右,0.262,42,11,0,9,2026/05/17
林 琢真,横浜DeNAベイスターズ,対左,0.200,35,7,1,5,2026/05/17
牧 秀悟,横浜DeNAベイスターズ,対右,0.320,50,16,2,8,2026/05/17
牧 秀悟,横浜DeNAベイスターズ,対左,0.357,28,10,0,2,2026/05/17
京田 陽太,横浜DeNAベイスターズ,対右,0.286,56,16,0,5,2026/05/17
京田 陽太,横浜DeNAベイスターズ,対左,0.286,14,4,0,1,2026/05/17
筒香 嘉智,横浜DeNAベイスターズ,対右,0.407,27,11,3,6,2026/05/17
筒香 嘉智,横浜DeNAベイスターズ,対左,0.211,19,4,0,2,2026/05/17
三森 大貴,横浜DeNAベイスターズ,対右,0.220,50,11,0,3,2026/05/17
三森 大貴,横浜DeNAベイスターズ,対左,0.300,30,9,0,4,2026/05/17
宮下 朝陽,横浜DeNAベイスターズ,対右,0.077,13,1,0,0,2026/05/17
宮下 朝陽,横浜DeNAベイスターズ,対左,0.167,12,2,1,2,2026/05/17
石上 泰輝,横浜DeNAベイスターズ,対右,0.100,10,1,0,1,2026/05/17
石上 泰輝,横浜DeNAベイスターズ,対左,0.000,5,0,0,0,2026/05/17
成瀬 脩人,横浜DeNAベイスターズ,対右,0.300,10,3,0,1,2026/05/17
成瀬 脩人,横浜DeNAベイスターズ,対左,0.235,17,4,0,3,2026/05/17
宮﨑 敏郎,横浜DeNAベイスターズ,対右,0.375,56,21,2,13,2026/05/17
宮﨑 敏郎,横浜DeNAベイスターズ,対左,0.196,46,9,1,3,2026/05/17
ビシエド,横浜DeNAベイスターズ,対右,0.111,9,1,0,1,2026/05/17
ビシエド,横浜DeNAベイスターズ,対左,0.375,16,6,1,5,2026/05/17
度会 隆輝,横浜DeNAベイスターズ,対右,0.310,84,26,2,6,2026/05/17
度会 隆輝,横浜DeNAベイスターズ,対左,0.362,47,17,1,7,2026/05/17
佐野 恵太,横浜DeNAベイスターズ,対右,0.284,95,27,3,16,2026/05/17
佐野 恵太,横浜DeNAベイスターズ,対左,0.213,61,13,1,5,2026/05/17
神里 和毅,横浜DeNAベイスターズ,対右,0.000,5,0,0,0,2026/05/17
神里 和毅,横浜DeNAベイスターズ,対左,0.167,6,1,0,1,2026/05/17
勝又 温史,横浜DeNAベイスターズ,対右,0.383,47,18,0,9,2026/05/17
勝又 温史,横浜DeNAベイスターズ,対左,0.333,27,9,0,3,2026/05/17
梶原 昂希,横浜DeNAベイスターズ,対右,0.143,7,1,0,0,2026/05/17
梶原 昂希,横浜DeNAベイスターズ,対左,0.143,7,1,0,0,2026/05/17
蝦名 達夫,横浜DeNAベイスターズ,対右,0.220,50,11,0,1,2026/05/17
蝦名 達夫,横浜DeNAベイスターズ,対左,0.255,51,13,1,6,2026/05/17
ヒュンメル,横浜DeNAベイスターズ,対右,0.176,51,9,0,6,2026/05/17
ヒュンメル,横浜DeNAベイスターズ,対左,0.256,39,10,3,7,2026/05/17
石伊 雄太,中日ドラゴンズ,対右,0.172,58,10,1,5,2026/05/17
石伊 雄太,中日ドラゴンズ,対左,0.424,33,14,2,5,2026/05/17
木下 拓哉,中日ドラゴンズ,対右,0.324,34,11,0,1,2026/05/17
木下 拓哉,中日ドラゴンズ,対左,0.077,13,1,0,0,2026/05/17
味谷 大誠,中日ドラゴンズ,対右,1.000,1,1,0,0,2026/05/17
味谷 大誠,中日ドラゴンズ,対左,0.000,2,0,0,0,2026/05/17
加藤 匠馬,中日ドラゴンズ,対右,0.250,8,2,0,1,2026/05/17
加藤 匠馬,中日ドラゴンズ,対左,0.250,4,1,0,0,2026/05/17
辻本 倫太郎,中日ドラゴンズ,対右,0.000,1,0,0,0,2026/05/17
辻本 倫太郎,中日ドラゴンズ,対左,0.100,10,1,0,0,2026/05/17
田中 幹也,中日ドラゴンズ,対右,0.253,75,19,0,3,2026/05/17
田中 幹也,中日ドラゴンズ,対左,0.171,35,6,0,1,2026/05/17
高橋 周平,中日ドラゴンズ,対右,0.227,44,10,0,3,2026/05/17
高橋 周平,中日ドラゴンズ,対左,0.429,7,3,0,0,2026/05/17
カリステ,中日ドラゴンズ,対右,0.114,35,4,0,1,2026/05/17
カリステ,中日ドラゴンズ,対左,0.368,19,7,1,2,2026/05/17
村松 開人,中日ドラゴンズ,対右,0.292,96,28,2,17,2026/05/17
村松 開人,中日ドラゴンズ,対左,0.303,33,10,0,5,2026/05/17
福永 裕基,中日ドラゴンズ,対右,0.226,62,14,0,3,2026/05/17
福永 裕基,中日ドラゴンズ,対左,0.342,38,13,1,3,2026/05/17
サノー,中日ドラゴンズ,対右,0.212,33,7,3,8,2026/05/17
サノー,中日ドラゴンズ,対左,0.231,13,3,0,0,2026/05/17
石川 昂弥,中日ドラゴンズ,対右,0.250,16,4,1,2,2026/05/17
石川 昂弥,中日ドラゴンズ,対左,-,0,0,0,0,2026/05/17
土田 龍空,中日ドラゴンズ,対右,0.200,20,4,2,3,2026/05/17
土田 龍空,中日ドラゴンズ,対左,0.000,5,0,0,0,2026/05/17
阿部 寿樹,中日ドラゴンズ,対右,0.286,14,4,0,4,2026/05/17
阿部 寿樹,中日ドラゴンズ,対左,0.214,14,3,1,4,2026/05/17
山本 泰寛,中日ドラゴンズ,対右,0.111,9,1,0,0,2026/05/17
山本 泰寛,中日ドラゴンズ,対左,0.200,5,1,0,0,2026/05/17
板山 祐太郎,中日ドラゴンズ,対右,0.279,43,12,3,9,2026/05/17
板山 祐太郎,中日ドラゴンズ,対左,0.250,4,1,1,4,2026/05/17
知野 直人,中日ドラゴンズ,対右,0.000,1,0,0,0,2026/05/17
知野 直人,中日ドラゴンズ,対左,0.000,2,0,0,0,2026/05/17
ロドリゲス,中日ドラゴンズ,対左,0.000,2,0,0,0,2026/05/17
樋口 正修,中日ドラゴンズ,対右,0.500,2,1,0,0,2026/05/17
樋口 正修,中日ドラゴンズ,対左,0.000,1,0,0,0,2026/05/17
尾田 剛樹,中日ドラゴンズ,対右,0.000,2,0,0,0,2026/05/17
尾田 剛樹,中日ドラゴンズ,対左,0.000,3,0,0,0,2026/05/17
岡林 勇希,中日ドラゴンズ,対右,0.238,21,5,0,1,2026/05/17
岡林 勇希,中日ドラゴンズ,対左,0.167,6,1,0,0,2026/05/17
大島 洋平,中日ドラゴンズ,対右,0.184,38,7,0,1,2026/05/17
大島 洋平,中日ドラゴンズ,対左,0.238,21,5,0,1,2026/05/17
ボスラー,中日ドラゴンズ,対右,0.173,75,13,3,7,2026/05/17
ボスラー,中日ドラゴンズ,対左,0.333,33,11,0,1,2026/05/17
ブライト 健太,中日ドラゴンズ,対右,0.100,10,1,0,0,2026/05/17
ブライト 健太,中日ドラゴンズ,対左,0.000,4,0,0,0,2026/05/17
川越 誠司,中日ドラゴンズ,対右,0.500,4,2,0,1,2026/05/17
細川 成也,中日ドラゴンズ,対右,0.281,96,27,1,10,2026/05/17
細川 成也,中日ドラゴンズ,対左,0.268,41,11,4,11,2026/05/17
花田 旭,中日ドラゴンズ,対右,0.273,22,6,0,4,2026/05/17
花田 旭,中日ドラゴンズ,対左,0.250,16,4,1,1,2026/05/17
鵜飼 航丞,中日ドラゴンズ,対右,0.294,34,10,0,1,2026/05/17
鵜飼 航丞,中日ドラゴンズ,対左,0.350,20,7,2,4,2026/05/17
梅野 隆太郎,阪神タイガース,対右,0.500,4,2,0,0,2026/05/17
梅野 隆太郎,阪神タイガース,対左,0.000,6,0,0,0,2026/05/17
坂本 誠志郎,阪神タイガース,対右,0.145,55,8,0,4,2026/05/17
坂本 誠志郎,阪神タイガース,対左,0.357,14,5,0,5,2026/05/17
伏見 寅威,阪神タイガース,対右,0.147,34,5,0,4,2026/05/17
伏見 寅威,阪神タイガース,対左,0.176,17,3,0,2,2026/05/17
中川 勇斗,阪神タイガース,対右,0.125,8,1,0,2,2026/05/17
中川 勇斗,阪神タイガース,対左,0.000,11,0,0,0,2026/05/17
嶋村 麟士朗,阪神タイガース,対右,0.429,7,3,1,3,2026/05/17
嶋村 麟士朗,阪神タイガース,対左,0.000,2,0,0,0,2026/05/17
元山 飛優,阪神タイガース,対右,0.333,3,1,0,0,2026/05/17
元山 飛優,阪神タイガース,対左,0.000,1,0,0,0,2026/05/17
木浪 聖也,阪神タイガース,対右,0.176,51,9,0,6,2026/05/17
木浪 聖也,阪神タイガース,対左,0.500,22,11,1,5,2026/05/17
大山 悠輔,阪神タイガース,対右,0.271,96,26,4,20,2026/05/17
大山 悠輔,阪神タイガース,対左,0.314,35,11,1,4,2026/05/17
熊谷 敬宥,阪神タイガース,対右,0.375,8,3,0,1,2026/05/17
熊谷 敬宥,阪神タイガース,対左,0.000,6,0,0,0,2026/05/17
中野 拓夢,阪神タイガース,対右,0.252,103,26,0,5,2026/05/17
中野 拓夢,阪神タイガース,対左,0.308,39,12,0,5,2026/05/17
佐藤 輝明,阪神タイガース,対右,0.350,103,36,9,23,2026/05/17
佐藤 輝明,阪神タイガース,対左,0.395,43,17,2,9,2026/05/17
糸原 健斗,阪神タイガース,対右,0.000,3,0,0,0,2026/05/17
糸原 健斗,阪神タイガース,対左,0.000,1,0,0,0,2026/05/17
小幡 竜平,阪神タイガース,対右,0.232,56,13,0,2,2026/05/17
小幡 竜平,阪神タイガース,対左,0.269,26,7,0,2,2026/05/17
植田 海,阪神タイガース,対右,-,0,0,0,0,2026/05/17
植田 海,阪神タイガース,対左,-,0,0,0,1,2026/05/17
髙寺 望夢,阪神タイガース,対右,0.255,51,13,2,5,2026/05/17
髙寺 望夢,阪神タイガース,対左,0.235,17,4,0,2,2026/05/17
森下 翔太,阪神タイガース,対右,0.263,118,31,6,18,2026/05/17
森下 翔太,阪神タイガース,対左,0.368,38,14,4,6,2026/05/17
近本 光司,阪神タイガース,対右,0.275,69,19,0,4,2026/05/17
近本 光司,阪神タイガース,対左,0.185,27,5,0,1,2026/05/17
濱田 太貴,阪神タイガース,対右,0.000,2,0,0,0,2026/05/17
濱田 太貴,阪神タイガース,対左,0.000,5,0,0,0,2026/05/17
岡城 快生,阪神タイガース,対右,0.375,8,3,0,0,2026/05/17
岡城 快生,阪神タイガース,対左,0.111,9,1,0,1,2026/05/17
井坪 陽生,阪神タイガース,対左,0.000,2,0,0,0,2026/05/17
前川 右京,阪神タイガース,対右,0.235,34,8,0,5,2026/05/17
前川 右京,阪神タイガース,対左,0.200,10,2,1,2,2026/05/17
小野寺 暖,阪神タイガース,対右,0.000,3,0,0,0,2026/05/17
小野寺 暖,阪神タイガース,対左,0.200,10,2,0,1,2026/05/17
福島 圭音,阪神タイガース,対右,0.296,54,16,0,2,2026/05/17
福島 圭音,阪神タイガース,対左,0.190,21,4,0,0,2026/05/17
坂倉 将吾,広島東洋カープ,対右,0.296,81,24,5,23,2026/05/17
坂倉 将吾,広島東洋カープ,対左,0.265,34,9,1,3,2026/05/17
石原 貴規,広島東洋カープ,対右,-,0,0,0,0,2026/05/17
石原 貴規,広島東洋カープ,対左,0.000,2,0,0,0,2026/05/17
持丸 泰輝,広島東洋カープ,対右,0.292,48,14,1,2,2026/05/17
持丸 泰輝,広島東洋カープ,対左,0.200,15,3,1,2,2026/05/17
勝田 成,広島東洋カープ,対右,0.200,50,10,0,1,2026/05/17
勝田 成,広島東洋カープ,対左,0.118,17,2,0,0,2026/05/17
矢野 雅哉,広島東洋カープ,対右,0.125,8,1,0,1,2026/05/17
矢野 雅哉,広島東洋カープ,対左,0.286,7,2,1,4,2026/05/17
小園 海斗,広島東洋カープ,対右,0.223,103,23,0,2,2026/05/17
小園 海斗,広島東洋カープ,対左,0.189,37,7,0,4,2026/05/17
佐々木 泰,広島東洋カープ,対右,0.130,69,9,1,3,2026/05/17
佐々木 泰,広島東洋カープ,対左,0.290,31,9,1,2,2026/05/17
菊池 涼介,広島東洋カープ,対右,0.258,66,17,1,4,2026/05/17
菊池 涼介,広島東洋カープ,対左,0.290,31,9,0,2,2026/05/17
林 晃汰,広島東洋カープ,対右,0.000,5,0,0,0,2026/05/17
渡邉 悠斗,広島東洋カープ,対右,0.000,1,0,0,0,2026/05/17
渡邉 悠斗,広島東洋カープ,対左,0.000,3,0,0,0,2026/05/17
辰見 鴻之介,広島東洋カープ,対右,0.000,1,0,0,0,2026/05/17
辰見 鴻之介,広島東洋カープ,対左,0.143,7,1,0,0,2026/05/17
前川 誠太,広島東洋カープ,対右,0.000,4,0,0,0,2026/05/17
前川 誠太,広島東洋カープ,対左,0.250,4,1,0,0,2026/05/17
佐藤 啓介,広島東洋カープ,対右,0.000,6,0,0,1,2026/05/17
佐藤 啓介,広島東洋カープ,対左,0.000,3,0,0,0,2026/05/17
モンテロ,広島東洋カープ,対右,0.184,49,9,1,6,2026/05/17
モンテロ,広島東洋カープ,対左,0.382,34,13,4,9,2026/05/17
二俣 翔一,広島東洋カープ,対右,0.400,15,6,1,3,2026/05/17
二俣 翔一,広島東洋カープ,対左,0.125,16,2,0,1,2026/05/17
秋山 翔吾,広島東洋カープ,対右,0.241,58,14,2,4,2026/05/17
秋山 翔吾,広島東洋カープ,対左,0.250,16,4,0,0,2026/05/17
野間 峻祥,広島東洋カープ,対右,0.237,38,9,0,2,2026/05/17
野間 峻祥,広島東洋カープ,対左,0.125,8,1,0,0,2026/05/17
平川 蓮,広島東洋カープ,対右,0.175,57,10,0,9,2026/05/17
平川 蓮,広島東洋カープ,対左,0.222,18,4,0,1,2026/05/17
大盛 穂,広島東洋カープ,対右,0.172,64,11,2,4,2026/05/17
大盛 穂,広島東洋カープ,対左,0.314,35,11,0,1,2026/05/17
田村 俊介,広島東洋カープ,対右,0.100,10,1,0,1,2026/05/17
田村 俊介,広島東洋カープ,対左,0.000,1,0,0,0,2026/05/17
ファビアン,広島東洋カープ,対右,0.233,43,10,2,3,2026/05/17
ファビアン,広島東洋カープ,対左,0.045,22,1,0,1,2026/05/17
中村 奨成,広島東洋カープ,対右,0.146,41,6,0,0,2026/05/17
中村 奨成,広島東洋カープ,対左,0.222,18,4,0,0,2026/05/17
小島 大河,オリックス・バファローズ,対右,0.274,73,20,2,5,2026/05/17
小島 大河,オリックス・バファローズ,対左,0.176,17,3,0,0,2026/05/17
古賀 悠斗,オリックス・バファローズ,対右,0.357,28,10,0,1,2026/05/17
古賀 悠斗,オリックス・バファローズ,対左,0.227,22,5,1,6,2026/05/17
柘植 世那,オリックス・バファローズ,対右,0.571,7,4,0,1,2026/05/17
柘植 世那,オリックス・バファローズ,対左,0.125,8,1,0,0,2026/05/17
仲田 慶介,オリックス・バファローズ,対右,0.143,7,1,0,0,2026/05/17
仲田 慶介,オリックス・バファローズ,対左,0.000,3,0,0,0,2026/05/17
石井 一成,オリックス・バファローズ,対右,0.195,41,8,1,3,2026/05/17
石井 一成,オリックス・バファローズ,対左,0.238,21,5,1,2,2026/05/17
外崎 修汰,オリックス・バファローズ,対右,0.200,20,4,0,1,2026/05/17
外崎 修汰,オリックス・バファローズ,対左,0.200,10,2,1,4,2026/05/17
源田 壮亮,オリックス・バファローズ,対右,0.211,71,15,1,10,2026/05/17
源田 壮亮,オリックス・バファローズ,対左,0.179,28,5,0,0,2026/05/17
ネビン,オリックス・バファローズ,対右,0.481,27,13,3,9,2026/05/17
ネビン,オリックス・バファローズ,対左,0.350,20,7,3,4,2026/05/17
山村 崇嘉,オリックス・バファローズ,対右,0.147,34,5,0,4,2026/05/17
山村 崇嘉,オリックス・バファローズ,対左,0.600,5,3,1,1,2026/05/17
佐藤 太陽,オリックス・バファローズ,対右,0.250,8,2,1,1,2026/05/17
平沢 大河,オリックス・バファローズ,対右,0.344,61,21,1,7,2026/05/17
平沢 大河,オリックス・バファローズ,対左,0.286,35,10,1,4,2026/05/17
滝澤 夏央,オリックス・バファローズ,対右,0.242,66,16,0,9,2026/05/17
滝澤 夏央,オリックス・バファローズ,対左,0.333,21,7,1,3,2026/05/17
栗山 巧,オリックス・バファローズ,対右,0.200,5,1,0,0,2026/05/17
栗山 巧,オリックス・バファローズ,対左,0.000,3,0,0,0,2026/05/17
桑原 将志,オリックス・バファローズ,対右,0.262,65,17,1,5,2026/05/17
桑原 将志,オリックス・バファローズ,対左,0.500,20,10,1,3,2026/05/17
渡部 聖弥,オリックス・バファローズ,対右,0.259,112,29,1,10,2026/05/17
渡部 聖弥,オリックス・バファローズ,対左,0.255,47,12,3,8,2026/05/17
カナリオ,オリックス・バファローズ,対右,0.286,84,24,1,13,2026/05/17
カナリオ,オリックス・バファローズ,対左,0.186,43,8,1,1,2026/05/17
茶野 篤政,オリックス・バファローズ,対右,0.000,3,0,0,0,2026/05/17
秋山 俊,オリックス・バファローズ,対右,0.143,14,2,0,0,2026/05/17
西川 愛也,オリックス・バファローズ,対右,0.190,63,12,0,6,2026/05/17
西川 愛也,オリックス・バファローズ,対左,0.256,39,10,1,4,2026/05/17
仲三 優太,オリックス・バファローズ,対右,0.053,19,1,0,0,2026/05/17
仲三 優太,オリックス・バファローズ,対左,0.250,4,1,1,2,2026/05/17
長谷川 信哉,オリックス・バファローズ,対右,0.262,61,16,1,6,2026/05/17
長谷川 信哉,オリックス・バファローズ,対左,0.242,33,8,3,5,2026/05/17
岸 潤一郎,オリックス・バファローズ,対右,0.194,36,7,0,0,2026/05/17
岸 潤一郎,オリックス・バファローズ,対左,0.240,25,6,0,5,2026/05/17
林 安可,オリックス・バファローズ,対右,0.226,84,19,1,9,2026/05/17
林 安可,オリックス・バファローズ,対左,0.148,27,4,1,1,2026/05/17
マルティネス,北海道日本ハムファイターズ,対右,0.071,14,1,0,0,2026/05/17
マルティネス,北海道日本ハムファイターズ,対左,0.000,4,0,0,0,2026/05/17
郡司 裕也,北海道日本ハムファイターズ,対右,0.241,108,26,1,7,2026/05/17
郡司 裕也,北海道日本ハムファイターズ,対左,0.242,33,8,1,2,2026/05/17
清水 優心,北海道日本ハムファイターズ,対右,0.091,11,1,1,2,2026/05/17
清水 優心,北海道日本ハムファイターズ,対左,0.182,11,2,0,2,2026/05/17
進藤 勇也,北海道日本ハムファイターズ,対右,0.143,14,2,1,3,2026/05/17
進藤 勇也,北海道日本ハムファイターズ,対左,0.250,4,1,0,0,2026/05/17
吉田 賢吾,北海道日本ハムファイターズ,対右,0.091,11,1,0,1,2026/05/17
吉田 賢吾,北海道日本ハムファイターズ,対左,0.000,3,0,0,0,2026/05/17
田宮 裕涼,北海道日本ハムファイターズ,対右,0.218,87,19,2,8,2026/05/17
田宮 裕涼,北海道日本ハムファイターズ,対左,0.455,22,10,0,1,2026/05/17
野村 佑希,北海道日本ハムファイターズ,対右,0.205,78,16,3,11,2026/05/17
野村 佑希,北海道日本ハムファイターズ,対左,0.333,33,11,3,8,2026/05/17
カストロ,北海道日本ハムファイターズ,対右,0.255,47,12,1,3,2026/05/17
カストロ,北海道日本ハムファイターズ,対左,0.172,29,5,4,7,2026/05/17
清宮 幸太郎,北海道日本ハムファイターズ,対右,0.248,113,28,8,21,2026/05/17
清宮 幸太郎,北海道日本ハムファイターズ,対左,0.238,42,10,0,4,2026/05/17
水野 達稀,北海道日本ハムファイターズ,対右,0.282,103,29,1,9,2026/05/17
水野 達稀,北海道日本ハムファイターズ,対左,0.333,30,10,0,3,2026/05/17
大塚 瑠晏,北海道日本ハムファイターズ,対右,0.261,23,6,1,2,2026/05/17
大塚 瑠晏,北海道日本ハムファイターズ,対左,0.000,5,0,0,0,2026/05/17
山縣 秀,北海道日本ハムファイターズ,対右,0.000,13,0,0,1,2026/05/17
山縣 秀,北海道日本ハムファイターズ,対左,0.000,5,0,0,0,2026/05/17
細川 凌平,北海道日本ハムファイターズ,対右,0.286,7,2,1,3,2026/05/17
細川 凌平,北海道日本ハムファイターズ,対左,0.000,1,0,0,0,2026/05/17
奈良間 大己,北海道日本ハムファイターズ,対右,0.262,61,16,1,8,2026/05/17
奈良間 大己,北海道日本ハムファイターズ,対左,0.250,20,5,1,3,2026/05/17
西川 遥輝,北海道日本ハムファイターズ,対右,0.189,37,7,1,4,2026/05/17
西川 遥輝,北海道日本ハムファイターズ,対左,0.167,6,1,0,0,2026/05/17
淺間 大基,北海道日本ハムファイターズ,対右,0.192,26,5,1,1,2026/05/17
淺間 大基,北海道日本ハムファイターズ,対左,0.200,5,1,1,2,2026/05/17
五十幡 亮汰,北海道日本ハムファイターズ,対右,0.222,18,4,0,1,2026/05/17
五十幡 亮汰,北海道日本ハムファイターズ,対左,0.000,9,0,0,0,2026/05/17
水谷 瞬,北海道日本ハムファイターズ,対右,0.212,33,7,0,2,2026/05/17
水谷 瞬,北海道日本ハムファイターズ,対左,0.267,15,4,1,4,2026/05/17
万波 中正,北海道日本ハムファイターズ,対右,0.212,104,22,8,14,2026/05/17
万波 中正,北海道日本ハムファイターズ,対左,0.242,33,8,2,6,2026/05/17
レイエス,北海道日本ハムファイターズ,対右,0.288,118,34,5,19,2026/05/17
レイエス,北海道日本ハムファイターズ,対左,0.429,35,15,2,5,2026/05/17
矢澤 宏太,北海道日本ハムファイターズ,対右,0.214,56,12,3,5,2026/05/17
矢澤 宏太,北海道日本ハムファイターズ,対左,0.143,7,1,0,0,2026/05/17
松川 虎生,千葉ロッテマリーンズ,対右,0.200,30,6,0,2,2026/05/17
松川 虎生,千葉ロッテマリーンズ,対左,0.222,18,4,0,4,2026/05/17
田村 龍弘,千葉ロッテマリーンズ,対左,0.000,3,0,0,0,2026/05/17
佐藤 都志也,千葉ロッテマリーンズ,対右,0.255,51,13,5,13,2026/05/17
佐藤 都志也,千葉ロッテマリーンズ,対左,0.231,26,6,1,4,2026/05/17
寺地 隆成,千葉ロッテマリーンズ,対右,0.198,86,17,2,9,2026/05/17
寺地 隆成,千葉ロッテマリーンズ,対左,0.189,53,10,1,4,2026/05/17
池田 来翔,千葉ロッテマリーンズ,対右,0.231,13,3,0,0,2026/05/17
池田 来翔,千葉ロッテマリーンズ,対左,0.333,12,4,0,0,2026/05/17
友杉 篤輝,千葉ロッテマリーンズ,対右,0.328,64,21,0,6,2026/05/17
友杉 篤輝,千葉ロッテマリーンズ,対左,0.290,31,9,0,2,2026/05/17
藤岡 裕大,千葉ロッテマリーンズ,対右,0.091,11,1,0,0,2026/05/17
藤岡 裕大,千葉ロッテマリーンズ,対左,0.182,11,2,0,1,2026/05/17
上田 希由翔,千葉ロッテマリーンズ,対右,0.226,31,7,2,2,2026/05/17
上田 希由翔,千葉ロッテマリーンズ,対左,0.100,10,1,0,0,2026/05/17
石垣 勝海,千葉ロッテマリーンズ,対右,0.000,3,0,0,0,2026/05/17
宮崎 竜成,千葉ロッテマリーンズ,対右,0.077,13,1,0,0,2026/05/17
宮崎 竜成,千葉ロッテマリーンズ,対左,0.250,4,1,0,0,2026/05/17
小川 龍成,千葉ロッテマリーンズ,対右,0.292,65,19,0,2,2026/05/17
小川 龍成,千葉ロッテマリーンズ,対左,0.372,43,16,0,3,2026/05/17
ソト,千葉ロッテマリーンズ,対右,0.219,64,14,1,3,2026/05/17
ソト,千葉ロッテマリーンズ,対左,0.243,37,9,1,3,2026/05/17
髙部 瑛斗,千葉ロッテマリーンズ,対右,0.280,50,14,0,2,2026/05/17
髙部 瑛斗,千葉ロッテマリーンズ,対左,0.115,26,3,0,0,2026/05/17
藤原 恭大,千葉ロッテマリーンズ,対右,0.240,75,18,2,8,2026/05/17
藤原 恭大,千葉ロッテマリーンズ,対左,0.377,53,20,0,9,2026/05/17
西川 史礁,千葉ロッテマリーンズ,対右,0.269,104,28,1,7,2026/05/17
西川 史礁,千葉ロッテマリーンズ,対左,0.333,54,18,2,10,2026/05/17
ポランコ,千葉ロッテマリーンズ,対右,0.265,83,22,4,12,2026/05/17
ポランコ,千葉ロッテマリーンズ,対左,0.063,16,1,0,0,2026/05/17
石川 慎吾,千葉ロッテマリーンズ,対右,0.125,8,1,0,2,2026/05/17
石川 慎吾,千葉ロッテマリーンズ,対左,0.125,16,2,1,3,2026/05/17
岡 大海,千葉ロッテマリーンズ,対右,0.160,25,4,0,0,2026/05/17
岡 大海,千葉ロッテマリーンズ,対左,0.125,16,2,0,0,2026/05/17
井上 広大,千葉ロッテマリーンズ,対右,0.143,7,1,1,2,2026/05/17
井上 広大,千葉ロッテマリーンズ,対左,0.083,12,1,1,3,2026/05/17
愛斗,千葉ロッテマリーンズ,対右,0.143,7,1,0,1,2026/05/17
愛斗,千葉ロッテマリーンズ,対左,0.143,7,1,0,0,2026/05/17
山口 航輝,千葉ロッテマリーンズ,対右,0.200,15,3,1,2,2026/05/17
山口 航輝,千葉ロッテマリーンズ,対左,0.083,12,1,0,0,2026/05/17
山本 大斗,千葉ロッテマリーンズ,対右,0.241,29,7,1,1,2026/05/17
山本 大斗,千葉ロッテマリーンズ,対左,0.050,20,1,0,2,2026/05/17
和田 康士朗,千葉ロッテマリーンズ,対右,0.000,3,0,0,0,2026/05/17
若月 健矢,埼玉西武ライオンズ,対右,0.109,55,6,0,0,2026/05/17
若月 健矢,埼玉西武ライオンズ,対左,0.320,25,8,0,3,2026/05/17
森 友哉,埼玉西武ライオンズ,対右,0.268,82,22,3,10,2026/05/17
森 友哉,埼玉西武ライオンズ,対左,0.167,36,6,1,3,2026/05/17
福永 奨,埼玉西武ライオンズ,対右,0.000,1,0,0,0,2026/05/17
福永 奨,埼玉西武ライオンズ,対左,0.000,1,0,0,0,2026/05/17
太田 椋,埼玉西武ライオンズ,対右,0.281,89,25,2,14,2026/05/17
太田 椋,埼玉西武ライオンズ,対左,0.282,39,11,0,4,2026/05/17
西野 真弘,埼玉西武ライオンズ,対右,0.250,36,9,0,0,2026/05/17
西野 真弘,埼玉西武ライオンズ,対左,0.000,10,0,0,0,2026/05/17
宗 佑磨,埼玉西武ライオンズ,対右,0.233,86,20,5,13,2026/05/17
宗 佑磨,埼玉西武ライオンズ,対左,0.211,38,8,0,0,2026/05/17
野口 智哉,埼玉西武ライオンズ,対右,0.222,36,8,0,6,2026/05/17
野口 智哉,埼玉西武ライオンズ,対左,0.143,7,1,0,0,2026/05/17
大城 滉二,埼玉西武ライオンズ,対右,0.000,5,0,0,0,2026/05/17
大城 滉二,埼玉西武ライオンズ,対左,0.455,11,5,0,3,2026/05/17
紅林 弘太郎,埼玉西武ライオンズ,対右,0.222,81,18,2,4,2026/05/17
紅林 弘太郎,埼玉西武ライオンズ,対左,0.200,35,7,2,6,2026/05/17
廣岡 大志,埼玉西武ライオンズ,対右,0.161,31,5,0,2,2026/05/17
廣岡 大志,埼玉西武ライオンズ,対左,0.250,16,4,0,1,2026/05/17
横山 聖哉,埼玉西武ライオンズ,対右,0.000,7,0,0,0,2026/05/17
シーモア,埼玉西武ライオンズ,対右,0.159,88,14,3,12,2026/05/17
シーモア,埼玉西武ライオンズ,対左,0.267,30,8,0,3,2026/05/17
宜保 翔,埼玉西武ライオンズ,対右,0.167,6,1,0,0,2026/05/17
宜保 翔,埼玉西武ライオンズ,対左,0.167,6,1,0,0,2026/05/17
中川 圭太,埼玉西武ライオンズ,対右,0.233,73,17,2,14,2026/05/17
中川 圭太,埼玉西武ライオンズ,対左,0.306,36,11,0,3,2026/05/17
渡部 遼人,埼玉西武ライオンズ,対右,0.270,63,17,3,6,2026/05/17
渡部 遼人,埼玉西武ライオンズ,対左,0.273,22,6,0,1,2026/05/17
西川 龍馬,埼玉西武ライオンズ,対右,0.287,108,31,0,10,2026/05/17
西川 龍馬,埼玉西武ライオンズ,対左,0.275,51,14,1,6,2026/05/17
麦谷 祐介,埼玉西武ライオンズ,対右,0.143,21,3,1,4,2026/05/17
麦谷 祐介,埼玉西武ライオンズ,対左,0.000,4,0,0,0,2026/05/17
杉澤 龍,埼玉西武ライオンズ,対右,0.500,10,5,0,1,2026/05/17
杉澤 龍,埼玉西武ライオンズ,対左,0.000,3,0,0,0,2026/05/17
来田 涼斗,埼玉西武ライオンズ,対右,0.313,32,10,0,4,2026/05/17
来田 涼斗,埼玉西武ライオンズ,対左,0.091,11,1,0,0,2026/05/17
平沼 翔太,埼玉西武ライオンズ,対右,0.000,1,0,0,0,2026/05/17
渡邉 陸,福岡ソフトバンクホークス,対右,0.000,6,0,0,0,2026/05/17
渡邉 陸,福岡ソフトバンクホークス,対左,0.200,5,1,0,0,2026/05/17
山本 祐大,福岡ソフトバンクホークス,対右,0.182,55,10,0,5,2026/05/17
山本 祐大,福岡ソフトバンクホークス,対左,0.300,40,12,1,3,2026/05/17
谷川原 健太,福岡ソフトバンクホークス,対右,0.182,11,2,0,1,2026/05/17
谷川原 健太,福岡ソフトバンクホークス,対左,0.333,9,3,0,1,2026/05/17
海野 隆司,福岡ソフトバンクホークス,対右,0.208,53,11,0,2,2026/05/17
海野 隆司,福岡ソフトバンクホークス,対左,0.154,26,4,1,4,2026/05/17
川瀬 晃,福岡ソフトバンクホークス,対右,0.161,31,5,0,4,2026/05/17
川瀬 晃,福岡ソフトバンクホークス,対左,0.200,5,1,0,0,2026/05/17
山川 穂高,福岡ソフトバンクホークス,対右,0.202,84,17,8,19,2026/05/17
山川 穂高,福岡ソフトバンクホークス,対左,0.133,45,6,1,5,2026/05/17
今宮 健太,福岡ソフトバンクホークス,対右,0.227,44,10,0,3,2026/05/17
今宮 健太,福岡ソフトバンクホークス,対左,0.219,32,7,1,5,2026/05/17
中村 晃,福岡ソフトバンクホークス,対右,0.222,18,4,0,1,2026/05/17
中村 晃,福岡ソフトバンクホークス,対左,0.000,8,0,0,1,2026/05/17
牧原 大成,福岡ソフトバンクホークス,対右,0.262,84,22,0,7,2026/05/17
牧原 大成,福岡ソフトバンクホークス,対左,0.326,46,15,0,0,2026/05/17
栗原 陵矢,福岡ソフトバンクホークス,対右,0.277,94,26,7,16,2026/05/17
栗原 陵矢,福岡ソフトバンクホークス,対左,0.291,55,16,4,12,2026/05/17
庄子 雄大,福岡ソフトバンクホークス,対右,0.222,18,4,0,0,2026/05/17
庄子 雄大,福岡ソフトバンクホークス,対左,0.333,6,2,0,1,2026/05/17
イヒネ イツア,福岡ソフトバンクホークス,対右,0.000,1,0,0,0,2026/05/17
イヒネ イツア,福岡ソフトバンクホークス,対左,0.000,1,0,0,0,2026/05/17
野村 勇,福岡ソフトバンクホークス,対右,0.189,37,7,0,1,2026/05/17
野村 勇,福岡ソフトバンクホークス,対左,0.063,16,1,0,0,2026/05/17
近藤 健介,福岡ソフトバンクホークス,対右,0.288,80,23,8,21,2026/05/17
近藤 健介,福岡ソフトバンクホークス,対左,0.255,55,14,1,4,2026/05/17
柳田 悠岐,福岡ソフトバンクホークス,対右,0.254,71,18,2,11,2026/05/17
柳田 悠岐,福岡ソフトバンクホークス,対左,0.264,53,14,2,5,2026/05/17
周東 佑京,福岡ソフトバンクホークス,対右,0.294,85,25,1,6,2026/05/17
周東 佑京,福岡ソフトバンクホークス,対左,0.212,52,11,0,3,2026/05/17
正木 智也,福岡ソフトバンクホークス,対右,0.500,2,1,0,0,2026/05/17
正木 智也,福岡ソフトバンクホークス,対左,0.333,6,2,1,1,2026/05/17
柳町 達,福岡ソフトバンクホークス,対右,0.235,68,16,0,9,2026/05/17
柳町 達,福岡ソフトバンクホークス,対左,0.152,33,5,0,4,2026/05/17
笹川 吉康,福岡ソフトバンクホークス,対右,0.158,19,3,0,1,2026/05/17
笹川 吉康,福岡ソフトバンクホークス,対左,0.200,5,1,0,1,2026/05/17
川村 友斗,福岡ソフトバンクホークス,対右,0.000,4,0,0,0,2026/05/17
川村 友斗,福岡ソフトバンクホークス,対左,0.000,3,0,0,0,2026/05/17
山本 恵大,福岡ソフトバンクホークス,対右,0.333,3,1,0,0,2026/05/17
山本 恵大,福岡ソフトバンクホークス,対左,0.000,1,0,0,0,2026/05/17
太田 光,東北楽天ゴールデンイーグルス,対右,0.207,58,12,0,4,2026/05/17
太田 光,東北楽天ゴールデンイーグルス,対左,0.379,29,11,1,3,2026/05/17
伊藤 光,東北楽天ゴールデンイーグルス,対右,0.158,19,3,0,1,2026/05/17
伊藤 光,東北楽天ゴールデンイーグルス,対左,0.000,6,0,0,0,2026/05/17
YG安田,東北楽天ゴールデンイーグルス,対右,0.147,34,5,0,1,2026/05/17
YG安田,東北楽天ゴールデンイーグルス,対左,0.333,3,1,1,3,2026/05/17
小深田 大翔,東北楽天ゴールデンイーグルス,対右,0.213,61,13,0,5,2026/05/17
小深田 大翔,東北楽天ゴールデンイーグルス,対左,0.154,26,4,0,0,2026/05/17
浅村 栄斗,東北楽天ゴールデンイーグルス,対右,0.299,77,23,3,9,2026/05/17
浅村 栄斗,東北楽天ゴールデンイーグルス,対左,0.171,35,6,1,6,2026/05/17
村林 一輝,東北楽天ゴールデンイーグルス,対右,0.288,104,30,3,17,2026/05/17
村林 一輝,東北楽天ゴールデンイーグルス,対左,0.238,42,10,1,2,2026/05/17
鈴木 大地,東北楽天ゴールデンイーグルス,対右,0.182,22,4,0,1,2026/05/17
鈴木 大地,東北楽天ゴールデンイーグルス,対左,0.000,3,0,0,0,2026/05/17
ボイト,東北楽天ゴールデンイーグルス,対右,0.114,44,5,0,1,2026/05/17
ボイト,東北楽天ゴールデンイーグルス,対左,0.130,23,3,0,2,2026/05/17
黒川 史陽,東北楽天ゴールデンイーグルス,対右,0.264,91,24,1,7,2026/05/17
黒川 史陽,東北楽天ゴールデンイーグルス,対左,0.217,46,10,0,4,2026/05/17
繁永 晟,東北楽天ゴールデンイーグルス,対右,0.000,3,0,0,0,2026/05/17
繁永 晟,東北楽天ゴールデンイーグルス,対左,0.000,6,0,0,0,2026/05/17
渡邊 佳明,東北楽天ゴールデンイーグルス,対右,0.344,32,11,0,3,2026/05/17
渡邊 佳明,東北楽天ゴールデンイーグルス,対左,0.375,8,3,0,2,2026/05/17
伊藤 裕季也,東北楽天ゴールデンイーグルス,対右,0.189,37,7,3,7,2026/05/17
伊藤 裕季也,東北楽天ゴールデンイーグルス,対左,0.182,11,2,0,1,2026/05/17
平良 竜哉,東北楽天ゴールデンイーグルス,対右,0.214,28,6,2,3,2026/05/17
平良 竜哉,東北楽天ゴールデンイーグルス,対左,0.300,20,6,2,3,2026/05/17
ワォーターズ,東北楽天ゴールデンイーグルス,対右,0.000,1,0,0,0,2026/05/17
入江 大樹,東北楽天ゴールデンイーグルス,対右,0.333,3,1,0,0,2026/05/17
入江 大樹,東北楽天ゴールデンイーグルス,対左,0.667,3,2,0,0,2026/05/17
陽 柏翔,東北楽天ゴールデンイーグルス,対右,0.000,1,0,0,0,2026/05/17
辰己 涼介,東北楽天ゴールデンイーグルス,対右,0.274,95,26,2,7,2026/05/17
辰己 涼介,東北楽天ゴールデンイーグルス,対左,0.366,41,15,1,5,2026/05/17
ゴンザレス,東北楽天ゴールデンイーグルス,対右,0.250,4,1,0,0,2026/05/17
ゴンザレス,東北楽天ゴールデンイーグルス,対左,0.000,4,0,0,0,2026/05/17
中島 大輔,東北楽天ゴールデンイーグルス,対右,0.181,72,13,1,3,2026/05/17
中島 大輔,東北楽天ゴールデンイーグルス,対左,0.240,25,6,0,4,2026/05/17
マッカスカー,東北楽天ゴールデンイーグルス,対右,0.053,19,1,0,0,2026/05/17
マッカスカー,東北楽天ゴールデンイーグルス,対左,0.333,9,3,0,5,2026/05/17
佐藤 直樹,東北楽天ゴールデンイーグルス,対右,0.304,23,7,2,4,2026/05/17
佐藤 直樹,東北楽天ゴールデンイーグルス,対左,0.364,22,8,1,1,2026/05/17
阪上 翔也,東北楽天ゴールデンイーグルス,対右,0.000,6,0,0,0,2026/05/17
阪上 翔也,東北楽天ゴールデンイーグルス,対左,0.000,1,0,0,0,2026/05/17
武藤 敦貴,東北楽天ゴールデンイーグルス,対右,0.125,8,1,0,0,2026/05/17
武藤 敦貴,東北楽天ゴールデンイーグルス,対左,0.000,1,0,0,0,2026/05/17
小郷 裕哉,東北楽天ゴールデンイーグルス,対右,0.246,65,16,0,3,2026/05/17
小郷 裕哉,東北楽天ゴールデンイーグルス,対左,0.154,26,4,0,3,2026/05/17