試合日,チーム,1 ,守備位置,2 ,守備位置,3 ,守備位置,4 ,守備位置,5 ,守備位置,6 ,守備位置,7 ,守備位置,8 ,守備位置,9 ,守備位置,10 ,守備位置,対戦相手
2026-03-27,オリックス・バファローズ,宗,(三),西川,(左),太田,(二),シーモア,(一),若月,(指),森友,(捕),中川,(中),紅林,(遊),廣岡,(右),宮城,投手,東北楽天ゴールデンイーグルス
2026-03-27,中日ドラゴンズ,カリステ,(右),田中,(二),岡林,(中),細川,(左),福永,(三),サノー,(一),石伊,(捕),村松,(遊),柳,(投),,,広島東洋カープ
2026-03-27,北海道日本ハムファイターズ,水谷,(左),清宮幸,(一),レイエス,(指),郡司,(三),万波,(右),矢澤,(中),山縣,(遊),田宮,(捕),水野,(二),伊藤,投手,福岡ソフトバンクホークス
2026-03-27,千葉ロッテマリーンズ,髙部,(中),藤原,(右),西川,(左),ポランコ,(指),寺地,(三),ソト,(一),池田,(二),松川,(捕),小川,(遊),毛利,投手,埼玉西武ライオンズ
2026-03-27,埼玉西武ライオンズ,桑原,(左),長谷川,(一),西川,(中),カナリオ,(右),外崎,(指),渡部,(三),源田,(遊),滝澤,(二),小島,(捕),渡邉,投手,千葉ロッテマリーンズ
2026-03-27,広島東洋カープ,平川,(中),中村奨,(右),小園,(三),佐々木,(一),ファビアン,(左),菊池,(二),坂倉,(捕),勝田,(遊),床田,(投),,,中日ドラゴンズ
2026-03-27,東京ヤクルトスワローズ,長岡,(遊),サンタナ,(左),古賀,(捕),オスナ,(一),増田,(右),赤羽,(三),岩田,(中),伊藤,(二),吉村,(投),,,横浜DeNAベイスターズ
2026-03-27,東北楽天ゴールデンイーグルス,村林,(遊),辰己,(中),ボイト,(指),マッカスカー,(左),黒川,(三),浅村,(一),中島,(右),太田,(捕),小深田,(二),荘司,投手,オリックス・バファローズ
2026-03-27,横浜DeNAベイスターズ,牧,(二),佐野,(左),宮﨑,(三),ビシエド,(一),ヒュンメル,(右),蝦名,(中),山本,(捕),石上,(遊),東,(投),,,東京ヤクルトスワローズ
2026-03-27,福岡ソフトバンクホークス,周東,(中),近藤,(右),柳町,(左),柳田,(指),山川,(一),今宮,(遊),栗原,(三),海野,(捕),牧原大,(二),上沢,投手,北海道日本ハムファイターズ
2026-03-27,読売ジャイアンツ,キャベッジ,(左),松本,(中),泉口,(遊),ダルベック,(一),岸田,(捕),中山,(右),坂本勇,(三),浦田,(二),竹丸,(投),,,阪神タイガース
2026-03-27,阪神タイガース,近本,(中),中野,(二),森下,(右),佐藤,(三),大山,(一),中川,(左),小幡,(遊),坂本,(捕),村上,(投),,,読売ジャイアンツ
2026-03-28,オリックス・バファローズ,宗,(三),廣岡,(右),西川,(左),シーモア,(一),太田,(二),森友,(指),中川,(中),若月,(捕),紅林,(遊),九里,投手,東北楽天ゴールデンイーグルス
2026-03-28,中日ドラゴンズ,カリステ,(右),田中,(二),岡林,(中),細川,(左),福永,(三),サノー,(一),石伊,(捕),村松,(遊),櫻井,(投),,,広島東洋カープ
2026-03-28,北海道日本ハムファイターズ,水谷,(中),清宮幸,(一),レイエス,(指),郡司,(三),万波,(右),野村,(左),カストロ,(二),田宮,(捕),水野,(遊),達,投手,福岡ソフトバンクホークス
2026-03-28,千葉ロッテマリーンズ,髙部,(中),藤原,(右),西川,(左),ポランコ,(指),寺地,(三),ソト,(一),池田,(二),松川,(捕),小川,(遊),田中,投手,埼玉西武ライオンズ
2026-03-28,埼玉西武ライオンズ,桑原,(左),長谷川,(右),西川,(中),林安可,(指),山村,(一),渡部,(三),石井,(二),古賀悠,(捕),源田,(遊),武内,投手,千葉ロッテマリーンズ
2026-03-28,広島東洋カープ,平川,(中),中村奨,(右),小園,(三),佐々木,(一),ファビアン,(左),菊池,(二),坂倉,(捕),勝田,(遊),ターノック,(投),,,中日ドラゴンズ
2026-03-28,東京ヤクルトスワローズ,長岡,(遊),サンタナ,(左),鈴木叶,(捕),オスナ,(一),岩田,(中),橋本,(右),伊藤,(二),山野,(投),武岡,(三),,,横浜DeNAベイスターズ
2026-03-28,東北楽天ゴールデンイーグルス,中島,(右),辰己,(中),ボイト,(指),マッカスカー,(左),黒川,(三),浅村,(一),村林,(遊),太田,(捕),小深田,(二),瀧中,投手,オリックス・バファローズ
2026-03-28,横浜DeNAベイスターズ,牧,(二),佐野,(左),宮﨑,(三),ビシエド,(一),松尾,(捕),ヒュンメル,(右),蝦名,(中),林,(遊),入江,(投),,,東京ヤクルトスワローズ
2026-03-28,福岡ソフトバンクホークス,周東,(中),近藤,(右),柳町,(左),柳田,(指),山川,(一),今宮,(遊),栗原,(三),海野,(捕),牧原大,(二),松本晴,投手,北海道日本ハムファイターズ
2026-03-28,読売ジャイアンツ,キャベッジ,(左),松本,(中),泉口,(遊),ダルベック,(一),岸田,(捕),坂本勇,(三),増田陸,(二),中山,(右),ハワード,(投),,,阪神タイガース
2026-03-28,阪神タイガース,近本,(中),中野,(二),森下,(右),佐藤,(三),大山,(一),中川,(左),伏見,(捕),小幡,(遊),髙橋,(投),,,読売ジャイアンツ
2026-03-29,オリックス・バファローズ,宗,(三),廣岡,(右),西川,(左),太田,(一),中川,(中),森友,(指),西野,(二),若月,(捕),紅林,(遊),田嶋大,投手,東北楽天ゴールデンイーグルス
2026-03-29,中日ドラゴンズ,カリステ,(右),田中,(二),岡林,(中),細川,(左),福永,(三),サノー,(一),石伊,(捕),村松,(遊),髙橋宏,(投),,,広島東洋カープ
2026-03-29,北海道日本ハムファイターズ,水谷,(左),清宮幸,(一),レイエス,(指),郡司,(三),万波,(右),水野,(遊),カストロ,(二),田宮,(捕),五十幡,(中),有原,投手,福岡ソフトバンクホークス
2026-03-29,千葉ロッテマリーンズ,髙部,(中),藤原,(右),西川,(左),ポランコ,(指),寺地,(三),ソト,(一),松川,(捕),友杉,(遊),小川,(二),小島,投手,埼玉西武ライオンズ
2026-03-29,埼玉西武ライオンズ,桑原,(左),長谷川,(一),西川,(中),林安可,(指),外崎,(二),渡部,(三),カナリオ,(右),小島,(捕),滝澤,(遊),平良,投手,千葉ロッテマリーンズ
2026-03-29,広島東洋カープ,平川,(中),中村奨,(右),小園,(三),佐々木,(一),ファビアン,(左),菊池,(二),坂倉,(捕),勝田,(遊),栗林,(投),,,中日ドラゴンズ
2026-03-29,東京ヤクルトスワローズ,長岡,(遊),サンタナ,(左),古賀,(捕),オスナ,(一),岩田,(中),橋本,(右),伊藤,(二),高梨,(投),武岡,(三),,,横浜DeNAベイスターズ
2026-03-29,東北楽天ゴールデンイーグルス,佐藤,(右),中島,(中),ボイト,(指),マッカスカー,(左),黒川,(三),浅村,(一),村林,(遊),太田,(捕),入江,(二),藤原,投手,オリックス・バファローズ
2026-03-29,横浜DeNAベイスターズ,牧,(二),度会,(左),筒香,(三),佐野,(一),ヒュンメル,(右),山本,(捕),蝦名,(中),林,(遊),石田裕,(投),,,東京ヤクルトスワローズ
2026-03-29,福岡ソフトバンクホークス,周東,(中),近藤,(左),柳町,(右),柳田,(指),山川,(一),栗原,(三),牧原大,(二),川瀬,(遊),谷川原,(捕),スチュワート・ジュニア,投手,北海道日本ハムファイターズ
2026-03-29,読売ジャイアンツ,キャベッジ,(左),松本,(中),泉口,(遊),ダルベック,(一),岸田,(捕),中山,(右),坂本勇,(三),浦田,(二),山城,(投),,,阪神タイガース
2026-03-29,阪神タイガース,近本,(中),中野,(二),森下,(右),佐藤,(三),大山,(一),中川,(左),伏見,(捕),小幡,(遊),伊藤将,(投),,,読売ジャイアンツ
2026-03-31,オリックス・バファローズ,宗,(三),廣岡,(右),西川,(左),太田,(二),中川,(中),森友,(指),シーモア,(一),若月,(捕),紅林,(遊),髙島,投手,埼玉西武ライオンズ
2026-03-31,中日ドラゴンズ,田中,(二),カリステ,(右),岡林,(中),細川,(左),石川昂,(三),サノー,(一),木下,(捕),村松,(遊),金丸,(投),,,読売ジャイアンツ
2026-03-31,北海道日本ハムファイターズ,水谷,(左),清宮幸,(一),レイエス,(指),郡司,(三),万波,(右),矢澤,(中),水野,(二),田宮,(捕),山縣,(遊),細野,投手,千葉ロッテマリーンズ
2026-03-31,千葉ロッテマリーンズ,髙部,(中),藤原,(右),西川,(左),ポランコ,(指),寺地,(三),ソト,(一),佐藤,(捕),友杉,(遊),小川,(二),木村,投手,北海道日本ハムファイターズ
2026-03-31,埼玉西武ライオンズ,桑原,(左),長谷川,(一),西川,(中),林安可,(指),渡部,(三),小島,(捕),カナリオ,(右),源田,(遊),滝澤,(二),隅田,投手,オリックス・バファローズ
2026-03-31,広島東洋カープ,平川,(中),中村奨,(右),小園,(三),佐々木,(一),ファビアン,(左),菊池,(二),坂倉,(捕),勝田,(遊),森下,(投),,,東京ヤクルトスワローズ
2026-03-31,東京ヤクルトスワローズ,長岡,(遊),サンタナ,(左),古賀,(捕),オスナ,(一),増田,(右),岩田,(中),伊藤,(二),小川,(投),武岡,(三),,,広島東洋カープ
2026-03-31,東北楽天ゴールデンイーグルス,佐藤,(右),辰己,(中),ボイト,(指),マッカスカー,(左),浅村,(一),村林,(遊),黒川,(三),太田,(捕),小深田,(二),前田健,投手,福岡ソフトバンクホークス
2026-03-31,横浜DeNAベイスターズ,牧,(二),度会,(左),筒香,(三),佐野,(一),山本,(捕),ヒュンメル,(右),梶原,(中),石上,(遊),デュプランティエ,(投),,,阪神タイガース
2026-03-31,福岡ソフトバンクホークス,周東,(中),近藤,(左),柳町,(右),柳田,(指),山川,(一),栗原,(三),野村,(遊),海野,(捕),牧原大,(二),大関,投手,東北楽天ゴールデンイーグルス
2026-03-31,読売ジャイアンツ,キャベッジ,(左),松本,(中),泉口,(遊),ダルベック,(一),岸田,(捕),坂本勇,(三),中山,(右),浦田,(二),ウィットリー,(投),,,中日ドラゴンズ
2026-03-31,阪神タイガース,近本,(中),中野,(二),森下,(右),佐藤,(三),大山,(一),髙寺,(左),木浪,(遊),坂本,(捕),才木,(投),,,横浜DeNAベイスターズ
2026-04-01,オリックス・バファローズ,宗,(三),廣岡,(右),西川,(左),太田,(一),森友,(捕),中川,(中),シーモア,(指),紅林,(遊),西野,(二),エスピノーザ,投手,埼玉西武ライオンズ
2026-04-01,中日ドラゴンズ,岡林,(中),田中,(二),福永,(三),細川,(左),ブライト,(右),サノー,(一),木下,(捕),村松,(遊),中西,(投),,,読売ジャイアンツ
2026-04-01,北海道日本ハムファイターズ,水谷,(左),清宮幸,(一),レイエス,(指),郡司,(三),万波,(右),五十幡,(中),カストロ,(二),田宮,(捕),水野,(遊),北山,投手,千葉ロッテマリーンズ
2026-04-01,千葉ロッテマリーンズ,髙部,(中),藤原,(右),西川,(左),ポランコ,(指),寺地,(三),ソト,(一),宮崎竜,(二),松川,(捕),小川,(遊),ジャクソン,投手,北海道日本ハムファイターズ
2026-04-01,埼玉西武ライオンズ,桑原,(左),長谷川,(一),西川,(中),林安可,(指),渡部,(三),小島,(捕),カナリオ,(右),源田,(遊),石井,(二),髙橋光成,投手,オリックス・バファローズ
2026-04-01,東北楽天ゴールデンイーグルス,佐藤,(左),辰己,(中),ボイト,(指),黒川,(三),小郷,(右),浅村,(一),村林,(遊),太田,(捕),小深田,(二),古謝,投手,福岡ソフトバンクホークス
2026-04-01,横浜DeNAベイスターズ,牧,(二),度会,(右),筒香,(一),宮﨑,(三),佐野,(左),山本,(捕),蝦名,(中),林,(遊),コックス,(投),,,阪神タイガース
2026-04-01,福岡ソフトバンクホークス,周東,(中),近藤,(左),柳町,(右),柳田,(指),山川,(一),栗原,(三),牧原大,(二),海野,(捕),今宮,(遊),徐,投手,東北楽天ゴールデンイーグルス
2026-04-01,読売ジャイアンツ,キャベッジ,(左),松本,(中),泉口,(遊),ダルベック,(一),岸田,(捕),佐々木,(右),門脇,(三),浦田,(二),田中将,(投),,,中日ドラゴンズ
2026-04-01,阪神タイガース,近本,(中),中野,(二),森下,(右),佐藤,(三),大山,(一),中川,(左),木浪,(遊),伏見,(捕),ルーカス,(投),,,横浜DeNAベイスターズ
2026-04-02,オリックス・バファローズ,宗,(三),廣岡,(右),西川,(左),太田,(一),森友,(捕),中川,(中),紅林,(遊),若月,(指),大城,(二),宮城,投手,埼玉西武ライオンズ
2026-04-02,中日ドラゴンズ,岡林,(中),田中,(二),福永,(三),細川,(左),ブライト,(右),サノー,(一),木下,(捕),村松,(遊),大野,(投),,,読売ジャイアンツ
2026-04-02,北海道日本ハムファイターズ,矢澤,(中),清宮幸,(一),野村,(指),郡司,(三),万波,(右),西川,(左),清水優,(捕),奈良間,(二),水野,(遊),加藤貴,投手,千葉ロッテマリーンズ
2026-04-02,千葉ロッテマリーンズ,髙部,(中),藤原,(右),西川,(左),ポランコ,(指),寺地,(三),ソト,(一),宮崎竜,(二),松川,(捕),小川,(遊),西野,投手,北海道日本ハムファイターズ
2026-04-02,埼玉西武ライオンズ,桑原,(左),長谷川,(一),外崎,(二),林安可,(指),渡部,(三),岸,(中),カナリオ,(右),古賀悠,(捕),源田,(遊),菅井,投手,オリックス・バファローズ
2026-04-02,広島東洋カープ,大盛,(中),中村奨,(右),小園,(遊),佐々木,(三),ファビアン,(左),菊池,(二),坂倉,(捕),モンテロ,(一),岡本,(投),,,東京ヤクルトスワローズ
2026-04-02,東京ヤクルトスワローズ,長岡,(遊),サンタナ,(左),鈴木叶,(捕),オスナ,(一),増田,(右),岩田,(中),伊藤,(二),奥川,(投),武岡,(三),,,広島東洋カープ
2026-04-02,東北楽天ゴールデンイーグルス,中島,(左),YG安田,(指),辰己,(中),ボイト,(一),黒川,(三),小郷,(右),村林,(遊),伊藤光,(捕),小深田,(二),ウレーニャ,投手,福岡ソフトバンクホークス
2026-04-02,横浜DeNAベイスターズ,牧,(二),度会,(右),筒香,(一),宮﨑,(三),佐野,(左),松尾,(捕),蝦名,(中),石上,(遊),竹田,(投),,,阪神タイガース
2026-04-02,福岡ソフトバンクホークス,周東,(中),近藤,(左),柳町,(右),柳田,(指),山川,(一),栗原,(三),牧原大,(二),海野,(捕),今宮,(遊),大津,投手,東北楽天ゴールデンイーグルス
2026-04-02,読売ジャイアンツ,キャベッジ,(左),松本,(中),泉口,(遊),ダルベック,(一),坂本勇,(三),佐々木,(右),山瀬,(捕),門脇,(二),則本,(投),,,中日ドラゴンズ
2026-04-02,阪神タイガース,近本,(中),中野,(二),森下,(右),佐藤,(三),大山,(一),木浪,(遊),髙寺,(左),坂本,(捕),伊原,(投),,,横浜DeNAベイスターズ
2026-04-03,オリックス・バファローズ,宗,(三),廣岡,(右),西川,(左),太田,(二),西野,(指),中川,(中),シーモア,(一),森友,(捕),紅林,(遊),寺西,投手,北海道日本ハムファイターズ
2026-04-03,中日ドラゴンズ,岡林,(中),田中,(二),福永,(三),細川,(左),板山,(右),サノー,(一),木下,(捕),村松,(遊),柳,(投),,,東京ヤクルトスワローズ
2026-04-03,北海道日本ハムファイターズ,野村,(左),清宮幸,(一),吉田,(指),郡司,(三),万波,(右),西川,(中),田宮,(捕),奈良間,(遊),水野,(二),伊藤,投手,オリックス・バファローズ
2026-04-03,千葉ロッテマリーンズ,岡,(中),藤原,(右),西川,(左),山口,(一),寺地,(三),ソト,(指),宮崎竜,(二),松川,(捕),小川,(遊),毛利,投手,福岡ソフトバンクホークス
2026-04-03,埼玉西武ライオンズ,桑原,(左),山村,(一),小島,(捕),林安可,(指),渡部,(三),外崎,(二),カナリオ,(右),滝澤,(遊),西川,(中),渡邉,投手,東北楽天ゴールデンイーグルス
2026-04-03,広島東洋カープ,大盛,(中),中村奨,(右),小園,(遊),佐々木,(三),ファビアン,(左),菊池,(二),坂倉,(捕),モンテロ,(一),床田,(投),,,阪神タイガース
2026-04-03,東京ヤクルトスワローズ,長岡,(遊),サンタナ,(左),古賀,(捕),オスナ,(一),増田,(右),岩田,(中),伊藤,(二),吉村,(投),武岡,(三),,,中日ドラゴンズ
2026-04-03,東北楽天ゴールデンイーグルス,中島,(左),YG安田,(指),辰己,(中),ボイト,(一),黒川,(三),小郷,(右),村林,(遊),太田,(捕),小深田,(二),荘司,投手,埼玉西武ライオンズ
2026-04-03,横浜DeNAベイスターズ,牧,(二),度会,(左),佐野,(一),宮﨑,(三),山本,(捕),ヒュンメル,(右),梶原,(中),林,(遊),東,(投),,,読売ジャイアンツ
2026-04-03,福岡ソフトバンクホークス,野村,(遊),近藤,(左),柳町,(右),柳田,(指),山川,(一),栗原,(三),牧原大,(二),海野,(捕),周東,(中),上沢,投手,千葉ロッテマリーンズ
2026-04-03,読売ジャイアンツ,キャベッジ,(左),松本,(中),泉口,(遊),ダルベック,(一),若林,(右),岸田,(捕),坂本勇,(三),門脇,(二),竹丸,(投),,,横浜DeNAベイスターズ
2026-04-03,阪神タイガース,近本,(中),中野,(二),森下,(右),佐藤,(三),大山,(一),木浪,(遊),坂本,(捕),福島,(左),村上,(投),,,広島東洋カープ
2026-04-04,オリックス・バファローズ,麦谷,(中),宗,(三),西川,(指),太田,(二),シーモア,(一),中川,(左),廣岡,(右),若月,(捕),紅林,(遊),九里,投手,北海道日本ハムファイターズ
2026-04-04,中日ドラゴンズ,ブライト,(右),田中,(二),福永,(三),細川,(左),サノー,(一),木下,(捕),花田,(中),村松,(遊),櫻井,(投),,,東京ヤクルトスワローズ
2026-04-04,北海道日本ハムファイターズ,西川,(中),清宮幸,(一),野村,(二),郡司,(三),万波,(右),吉田,(指),水谷,(左),田宮,(捕),水野,(遊),達,投手,オリックス・バファローズ
2026-04-04,千葉ロッテマリーンズ,岡,(一),藤原,(中),西川,(左),山本,(右),寺地,(三),ソト,(指),池田,(二),松川,(捕),友杉,(遊),田中,投手,福岡ソフトバンクホークス
2026-04-04,埼玉西武ライオンズ,桑原,(左),石井,(二),小島,(捕),林安可,(指),渡部,(三),外崎,(一),長谷川,(中),カナリオ,(右),源田,(遊),武内,投手,東北楽天ゴールデンイーグルス
2026-04-04,広島東洋カープ,大盛,(中),中村奨,(右),小園,(遊),佐々木,(三),ファビアン,(左),坂倉,(捕),モンテロ,(一),勝田,(二),ターノック,(投),,,阪神タイガース
2026-04-04,東京ヤクルトスワローズ,長岡,(遊),サンタナ,(左),鈴木叶,(捕),オスナ,(一),岩田,(中),増田,(右),伊藤,(二),山野,(投),田中,(三),,,中日ドラゴンズ
2026-04-04,東北楽天ゴールデンイーグルス,中島,(中),佐藤,(右),黒川,(三),ボイト,(指),村林,(遊),浅村,(一),マッカスカー,(左),伊藤光,(捕),小深田,(二),瀧中,投手,埼玉西武ライオンズ
2026-04-04,横浜DeNAベイスターズ,牧,(二),度会,(左),筒香,(三),佐野,(一),松尾,(捕),ヒュンメル,(右),梶原,(中),林,(遊),入江,(投),,,読売ジャイアンツ
2026-04-04,福岡ソフトバンクホークス,野村,(遊),近藤,(指),柳町,(左),山川,(一),栗原,(三),牧原大,(右),今宮,(二),海野,(捕),周東,(中),松本晴,投手,千葉ロッテマリーンズ
2026-04-04,読売ジャイアンツ,浦田,(二),キャベッジ,(左),泉口,(遊),ダルベック,(三),中山,(右),岸田,(捕),佐々木,(中),増田陸,(一),ハワード,(投),,,横浜DeNAベイスターズ
2026-04-04,阪神タイガース,近本,(中),中野,(二),森下,(右),佐藤,(三),大山,(一),木浪,(遊),坂本,(捕),福島,(左),大竹,(投),,,広島東洋カープ
2026-04-05,オリックス・バファローズ,宗,(三),西川,(左),紅林,(遊),太田,(一),森友,(指),中川,(中),野口,(二),若月,(捕),杉澤,(右),ジェリー,投手,北海道日本ハムファイターズ
2026-04-05,中日ドラゴンズ,ブライト,(右),田中,(二),福永,(三),細川,(左),サノー,(一),花田,(中),村松,(遊),加藤,(捕),髙橋宏,(投),,,東京ヤクルトスワローズ
2026-04-05,北海道日本ハムファイターズ,野村,(左),清宮幸,(一),レイエス,(指),郡司,(三),万波,(右),西川,(中),田宮,(捕),奈良間,(二),水野,(遊),有原,投手,オリックス・バファローズ
2026-04-05,千葉ロッテマリーンズ,岡,(中),藤原,(右),西川,(左),ポランコ,(指),寺地,(三),ソト,(一),石垣勝,(二),佐藤,(捕),友杉,(遊),小島,投手,福岡ソフトバンクホークス
2026-04-05,埼玉西武ライオンズ,桑原,(左),小島,(捕),林安可,(右),仲三,(指),渡部,(三),秋山,(中),外崎,(一),源田,(遊),滝澤,(二),平良,投手,東北楽天ゴールデンイーグルス
2026-04-05,広島東洋カープ,大盛,(中),中村奨,(右),小園,(遊),佐々木,(三),ファビアン,(左),坂倉,(捕),モンテロ,(一),勝田,(二),栗林,(投),,,阪神タイガース
2026-04-05,東京ヤクルトスワローズ,長岡,(遊),サンタナ,(左),中村悠,(捕),オスナ,(一),岩田,(中),増田,(右),伊藤,(二),高梨,(投),武岡,(三),,,中日ドラゴンズ
2026-04-05,東北楽天ゴールデンイーグルス,中島,(左),辰己,(中),黒川,(三),ボイト,(一),YG安田,(指),小郷,(右),村林,(遊),伊藤光,(捕),小深田,(二),藤原,投手,埼玉西武ライオンズ
2026-04-05,横浜DeNAベイスターズ,牧,(二),度会,(右),佐野,(左),宮﨑,(三),ビシエド,(一),山本,(捕),梶原,(中),林,(遊),石田裕,(投),,,読売ジャイアンツ
2026-04-05,福岡ソフトバンクホークス,野村,(三),近藤,(右),栗原,(一),柳田,(左),山川,(指),今宮,(遊),牧原大,(二),谷川原,(捕),周東,(中),スチュワート・ジュニア,投手,千葉ロッテマリーンズ
2026-04-05,読売ジャイアンツ,浦田,(二),キャベッジ,(左),泉口,(遊),ダルベック,(三),佐々木,(中),増田陸,(一),丸,(右),岸田,(捕),井上,(投),,,横浜DeNAベイスターズ
2026-04-05,阪神タイガース,近本,(中),中野,(二),森下,(右),佐藤,(三),大山,(一),木浪,(遊),伏見,(捕),福島,(左),髙橋,(投),,,広島東洋カープ
2026-04-07,オリックス・バファローズ,宗,(三),廣岡,(中),西川,(左),太田,(一),シーモア,(指),中川,(右),西野,(二),若月,(捕),紅林,(遊),髙島,投手,千葉ロッテマリーンズ
2026-04-07,中日ドラゴンズ,福永,(三),田中,(二),ボスラー,(右),細川,(左),サノー,(一),花田,(中),木下,(捕),村松,(遊),金丸,(投),,,横浜DeNAベイスターズ
2026-04-07,北海道日本ハムファイターズ,水谷,(左),清宮幸,(一),レイエス,(指),郡司,(三),万波,(右),田宮,(捕),奈良間,(二),五十幡,(中),水野,(遊),細野,投手,東北楽天ゴールデンイーグルス
2026-04-07,千葉ロッテマリーンズ,髙部,(中),藤原,(右),西川,(左),ソト,(一),寺地,(三),ポランコ,(指),友杉,(遊),松川,(捕),小川,(二),木村,投手,オリックス・バファローズ
2026-04-07,埼玉西武ライオンズ,桑原,(左),源田,(遊),岸,(中),仲三,(指),渡部,(三),外崎,(二),カナリオ,(右),古賀悠,(捕),平沢,(一),隅田,投手,福岡ソフトバンクホークス
2026-04-07,広島東洋カープ,大盛,(中),中村奨,(右),小園,(遊),佐々木,(三),ファビアン,(左),坂倉,(捕),モンテロ,(一),勝田,(二),森下,(投),,,読売ジャイアンツ
2026-04-07,東京ヤクルトスワローズ,長岡,(遊),サンタナ,(左),古賀,(捕),オスナ,(一),岩田,(中),伊藤,(二),丸山和,(右),小川,(投),武岡,(三),,,阪神タイガース
2026-04-07,東北楽天ゴールデンイーグルス,佐藤,(右),中島,(左),辰己,(中),ボイト,(指),黒川,(三),伊藤裕,(一),村林,(遊),太田,(捕),小深田,(二),前田健,投手,北海道日本ハムファイターズ
2026-04-07,横浜DeNAベイスターズ,牧,(二),度会,(左),佐野,(一),宮﨑,(三),山本,(捕),ヒュンメル,(右),蝦名,(中),石上,(遊),深沢,(投),,,中日ドラゴンズ
2026-04-07,福岡ソフトバンクホークス,周東,(中),近藤,(左),栗原,(三),柳田,(指),山川,(一),今宮,(二),牧原大,(右),海野,(捕),野村,(遊),大関,投手,埼玉西武ライオンズ
2026-04-07,読売ジャイアンツ,浦田,(二),キャベッジ,(左),泉口,(遊),ダルベック,(三),大城,(捕),佐々木,(中),増田陸,(一),中山,(右),ウィットリー,(投),,,広島東洋カープ
2026-04-07,阪神タイガース,近本,(中),中野,(二),森下,(右),佐藤,(三),大山,(一),木浪,(遊),坂本,(捕),福島,(左),才木,(投),,,東京ヤクルトスワローズ
2026-04-08,オリックス・バファローズ,宗,(三),渡部,(中),西川,(左),太田,(一),シーモア,(指),森友,(捕),紅林,(遊),杉澤,(右),野口,(二),エスピノーザ,投手,千葉ロッテマリーンズ
2026-04-08,中日ドラゴンズ,福永,(三),田中,(二),花田,(中),細川,(左),ボスラー,(一),カリステ,(右),木下,(捕),中西,(投),村松,(遊),,,横浜DeNAベイスターズ
2026-04-08,北海道日本ハムファイターズ,カストロ,(二),清宮幸,(一),レイエス,(指),郡司,(三),万波,(右),野村,(左),西川,(中),清水優,(捕),山縣,(遊),北山,投手,東北楽天ゴールデンイーグルス
2026-04-08,千葉ロッテマリーンズ,髙部,(中),藤原,(右),西川,(左),ソト,(一),寺地,(三),藤岡,(二),ポランコ,(指),松川,(捕),友杉,(遊),ジャクソン,投手,オリックス・バファローズ
2026-04-08,埼玉西武ライオンズ,桑原,(左),源田,(遊),小島,(捕),仲三,(指),渡部,(三),林安可,(右),外崎,(二),岸,(中),平沢,(一),髙橋光成,投手,福岡ソフトバンクホークス
2026-04-08,広島東洋カープ,大盛,(中),中村奨,(右),小園,(遊),佐々木,(三),ファビアン,(左),菊池,(二),坂倉,(捕),モンテロ,(一),森,(投),,,読売ジャイアンツ
2026-04-08,東京ヤクルトスワローズ,長岡,(遊),サンタナ,(左),古賀,(捕),オスナ,(一),岩田,(中),増田,(右),赤羽,(三),伊藤,(二),松本健,(投),,,阪神タイガース
2026-04-08,東北楽天ゴールデンイーグルス,中島,(左),小深田,(二),辰己,(中),黒川,(三),ボイト,(一),小郷,(右),村林,(遊),YG安田,(指),太田,(捕),古謝,投手,北海道日本ハムファイターズ
2026-04-08,横浜DeNAベイスターズ,牧,(二),佐野,(左),筒香,(一),宮﨑,(三),山本,(捕),ヒュンメル,(右),蝦名,(中),石上,(遊),コックス,(投),,,中日ドラゴンズ
2026-04-08,福岡ソフトバンクホークス,柳町,(右),近藤,(左),栗原,(三),柳田,(指),山川,(一),牧原大,(二),川瀬,(遊),海野,(捕),周東,(中),徐,投手,埼玉西武ライオンズ
2026-04-08,読売ジャイアンツ,平山,(右),キャベッジ,(左),泉口,(遊),ダルベック,(三),岸田,(捕),増田陸,(一),松本,(中),浦田,(二),田中将,(投),,,広島東洋カープ
2026-04-08,阪神タイガース,近本,(中),中野,(二),森下,(右),佐藤,(三),大山,(一),木浪,(遊),坂本,(捕),福島,(左),ルーカス,(投),,,東京ヤクルトスワローズ
2026-04-09,オリックス・バファローズ,宗,(三),廣岡,(右),西川,(左),太田,(一),シーモア,(指),紅林,(遊),杉澤,(中),若月,(捕),野口,(二),宮城,投手,千葉ロッテマリーンズ
2026-04-09,北海道日本ハムファイターズ,奈良間,(遊),清宮幸,(一),レイエス,(指),郡司,(三),万波,(右),野村,(左),田宮,(捕),矢澤,(中),水野,(二),加藤貴,投手,東北楽天ゴールデンイーグルス
2026-04-09,千葉ロッテマリーンズ,西川,(指),藤原,(右),山本,(左),ソト,(一),寺地,(三),藤岡,(二),佐藤,(捕),友杉,(遊),髙部,(中),西野,投手,オリックス・バファローズ
2026-04-09,埼玉西武ライオンズ,桑原,(左),岸,(中),小島,(捕),仲三,(指),渡部,(三),林安可,(右),外崎,(二),長谷川,(一),滝澤,(遊),菅井,投手,福岡ソフトバンクホークス
2026-04-09,東京ヤクルトスワローズ,長岡,(遊),サンタナ,(左),鈴木叶,(捕),オスナ,(一),岩田,(中),増田,(右),伊藤,(二),奥川,(投),武岡,(三),,,阪神タイガース
2026-04-09,東北楽天ゴールデンイーグルス,村林,(遊),辰己,(中),浅村,(一),黒川,(三),伊藤裕,(左),ボイト,(指),小郷,(右),伊藤光,(捕),小深田,(二),ウレーニャ,投手,北海道日本ハムファイターズ
2026-04-09,福岡ソフトバンクホークス,柳町,(右),近藤,(左),栗原,(三),柳田,(指),山川,(一),今宮,(遊),牧原大,(中),海野,(捕),川瀬,(二),大津,投手,埼玉西武ライオンズ
2026-04-09,阪神タイガース,近本,(中),中野,(二),森下,(右),佐藤,(三),大山,(一),木浪,(遊),前川,(左),坂本,(捕),茨木,(投),,,東京ヤクルトスワローズ
2026-04-10,中日ドラゴンズ,福永,(三),田中,(二),ボスラー,(右),細川,(左),高橋周,(一),花田,(中),村松,(遊),木下,(捕),柳,(投),,,阪神タイガース
2026-04-10,千葉ロッテマリーンズ,西川,(左),藤原,(右),上田,(二),ソト,(一),ポランコ,(指),寺地,(三),岡,(中),松川,(捕),友杉,(遊),河村,投手,埼玉西武ライオンズ
2026-04-10,埼玉西武ライオンズ,桑原,(左),源田,(遊),岸,(中),仲三,(指),渡部,(三),平沢,(一),カナリオ,(右),古賀悠,(捕),仲田,(二),渡邉,投手,千葉ロッテマリーンズ
2026-04-10,東京ヤクルトスワローズ,長岡,(遊),サンタナ,(左),古賀,(捕),オスナ,(一),岩田,(中),増田,(右),赤羽,(三),伊藤,(二),吉村,(投),,,読売ジャイアンツ
2026-04-10,読売ジャイアンツ,浦田,(二),佐々木,(中),泉口,(遊),ダルベック,(三),キャベッジ,(左),増田陸,(一),中山,(右),岸田,(捕),竹丸,(投),,,東京ヤクルトスワローズ
2026-04-10,阪神タイガース,近本,(中),中野,(二),森下,(右),佐藤,(三),大山,(一),木浪,(遊),坂本,(捕),髙寺,(左),村上,(投),,,中日ドラゴンズ
2026-04-11,オリックス・バファローズ,宗,(三),廣岡,(一),西川,(左),太田,(二),シーモア,(指),中川,(右),紅林,(遊),杉澤,(中),若月,(捕),九里,投手,東北楽天ゴールデンイーグルス
2026-04-11,中日ドラゴンズ,福永,(三),花田,(中),ボスラー,(右),細川,(左),サノー,(一),村松,(遊),木下,(捕),大野,(投),辻本,(二),,,阪神タイガース
2026-04-11,北海道日本ハムファイターズ,矢澤,(中),清宮幸,(一),レイエス,(指),郡司,(三),万波,(右),西川,(左),田宮,(捕),奈良間,(二),水野,(遊),伊藤,投手,福岡ソフトバンクホークス
2026-04-11,千葉ロッテマリーンズ,西川,(左),藤原,(右),上田,(二),ソト,(一),ポランコ,(指),寺地,(三),岡,(中),松川,(捕),友杉,(遊),田中,投手,埼玉西武ライオンズ
2026-04-11,埼玉西武ライオンズ,桑原,(左),源田,(遊),小島,(捕),渡部,(三),林安可,(指),岸,(一),カナリオ,(右),秋山,(中),仲田,(二),武内,投手,千葉ロッテマリーンズ
2026-04-11,広島東洋カープ,大盛,(中),菊池,(二),小園,(遊),佐々木,(三),ファビアン,(左),モンテロ,(一),坂倉,(捕),中村奨,(右),ターノック,(投),,,横浜DeNAベイスターズ
2026-04-11,東京ヤクルトスワローズ,長岡,(遊),サンタナ,(左),鈴木叶,(捕),オスナ,(一),岩田,(中),丸山和,(右),武岡,(二),山野,(投),田中,(三),,,読売ジャイアンツ
2026-04-11,東北楽天ゴールデンイーグルス,小郷,(右),小深田,(二),辰己,(中),黒川,(三),村林,(遊),鈴木大,(一),YG安田,(指),中島,(左),太田,(捕),早川,投手,オリックス・バファローズ
2026-04-11,横浜DeNAベイスターズ,牧,(二),ヒュンメル,(左),度会,(右),佐野,(一),山本,(捕),宮下,(三),京田,(遊),東,(投),三森,(中),,,広島東洋カープ
2026-04-11,福岡ソフトバンクホークス,柳町,(右),近藤,(左),栗原,(三),柳田,(指),山川,(一),今宮,(遊),周東,(中),海野,(捕),牧原大,(二),上沢,投手,北海道日本ハムファイターズ
2026-04-11,読売ジャイアンツ,浦田,(二),松本,(中),泉口,(遊),キャベッジ,(左),増田陸,(一),坂本勇,(三),平山,(右),山瀬,(捕),マタ,(投),,,東京ヤクルトスワローズ
2026-04-11,阪神タイガース,近本,(中),中野,(二),森下,(右),佐藤,(三),大山,(一),木浪,(遊),中川,(左),伏見,(捕),伊原,(投),,,中日ドラゴンズ
2026-04-12,オリックス・バファローズ,宗,(三),西野,(二),西川,(左),太田,(一),シーモア,(指),中川,(中),森友,(捕),紅林,(遊),麦谷,(右),ジェリー,投手,東北楽天ゴールデンイーグルス
2026-04-12,中日ドラゴンズ,福永,(三),田中,(二),サノー,(一),細川,(左),ボスラー,(右),花田,(中),村松,(遊),加藤,(捕),髙橋宏,(投),,,阪神タイガース
2026-04-12,北海道日本ハムファイターズ,水谷,(中),清宮幸,(一),レイエス,(指),郡司,(三),万波,(右),野村,(左),水野,(遊),田宮,(捕),奈良間,(二),有原,投手,福岡ソフトバンクホークス
2026-04-12,千葉ロッテマリーンズ,西川,(左),藤原,(中),ソト,(一),ポランコ,(指),寺地,(三),山本,(右),藤岡,(遊),佐藤,(捕),上田,(二),廣池,投手,埼玉西武ライオンズ
2026-04-12,埼玉西武ライオンズ,桑原,(左),源田,(遊),小島,(捕),渡部,(三),林安可,(指),岸,(一),カナリオ,(右),秋山,(中),佐藤太,(二),平良,投手,千葉ロッテマリーンズ
2026-04-12,広島東洋カープ,大盛,(中),勝田,(二),小園,(遊),モンテロ,(一),ファビアン,(左),坂倉,(捕),佐々木,(三),中村奨,(右),床田,(投),,,横浜DeNAベイスターズ
2026-04-12,東京ヤクルトスワローズ,長岡,(遊),サンタナ,(左),古賀,(捕),オスナ,(一),岩田,(中),増田,(右),赤羽,(三),伊藤,(二),高梨,(投),,,読売ジャイアンツ
2026-04-12,東北楽天ゴールデンイーグルス,小郷,(右),小深田,(二),辰己,(中),黒川,(三),村林,(遊),鈴木大,(一),YG安田,(指),中島,(左),伊藤光,(捕),瀧中,投手,オリックス・バファローズ
2026-04-12,横浜DeNAベイスターズ,牧,(二),ヒュンメル,(左),佐野,(一),宮﨑,(三),山本,(捕),宮下,(遊),蝦名,(中),勝又,(右),石田裕,(投),,,広島東洋カープ
2026-04-12,福岡ソフトバンクホークス,柳町,(右),近藤,(左),栗原,(三),柳田,(指),山川,(一),牧原大,(二),周東,(中),海野,(捕),川瀬,(遊),松本晴,投手,北海道日本ハムファイターズ
2026-04-12,読売ジャイアンツ,門脇,(二),中山,(右),泉口,(遊),ダルベック,(一),キャベッジ,(左),坂本勇,(三),平山,(中),山瀬,(捕),井上,(投),,,東京ヤクルトスワローズ
2026-04-12,阪神タイガース,近本,(中),中野,(二),森下,(右),佐藤,(三),大山,(一),木浪,(遊),前川,(左),伏見,(捕),髙橋,(投),,,中日ドラゴンズ
2026-04-14,オリックス・バファローズ,宗,(三),杉澤,(中),西川,(指),太田,(二),シーモア,(一),中川,(左),廣岡,(右),若月,(捕),紅林,(遊),曽谷,投手,埼玉西武ライオンズ
2026-04-14,中日ドラゴンズ,福永,(三),村松,(遊),細川,(左),ボスラー,(右),花田,(中),サノー,(一),石伊,(捕),田中,(二),金丸,(投),,,広島東洋カープ
2026-04-14,北海道日本ハムファイターズ,水野,(遊),清宮幸,(一),野村,(左),郡司,(三),万波,(右),レイエス,(指),西川,(中),田宮,(捕),奈良間,(二),達,投手,千葉ロッテマリーンズ
2026-04-14,千葉ロッテマリーンズ,西川,(左),藤原,(中),ソト,(一),ポランコ,(指),寺地,(三),山本,(右),上田,(二),松川,(捕),小川,(遊),ジャクソン,投手,北海道日本ハムファイターズ
2026-04-14,埼玉西武ライオンズ,桑原,(左),源田,(遊),岸,(中),渡部,(三),カナリオ,(右),古賀悠,(捕),林安可,(指),長谷川,(一),仲田,(二),隅田,投手,オリックス・バファローズ
2026-04-14,広島東洋カープ,大盛,(中),中村奨,(右),菊池,(二),モンテロ,(一),ファビアン,(左),坂倉,(捕),佐々木,(三),勝田,(遊),森下,(投),,,中日ドラゴンズ
2026-04-14,東京ヤクルトスワローズ,長岡,(遊),サンタナ,(左),古賀,(捕),オスナ,(一),岩田,(中),赤羽,(三),武岡,(二),小川,(投),丸山和,(右),,,横浜DeNAベイスターズ
2026-04-14,東北楽天ゴールデンイーグルス,小郷,(右),小深田,(二),辰己,(中),黒川,(三),村林,(遊),鈴木大,(一),渡邊佳,(指),中島,(左),太田,(捕),荘司,投手,福岡ソフトバンクホークス
2026-04-14,横浜DeNAベイスターズ,牧,(二),ヒュンメル,(左),佐野,(一),宮﨑,(三),度会,(右),宮下,(遊),蝦名,(中),松尾,(捕),竹田,(投),,,東京ヤクルトスワローズ
2026-04-14,福岡ソフトバンクホークス,柳町,(右),近藤,(左),栗原,(三),柳田,(指),山川,(一),牧原大,(二),野村,(遊),谷川原,(捕),周東,(中),スチュワート・ジュニア,投手,東北楽天ゴールデンイーグルス
2026-04-14,読売ジャイアンツ,浦田,(二),松本,(中),泉口,(遊),ダルベック,(三),キャベッジ,(左),大城,(捕),増田陸,(一),中山,(右),則本,(投),,,阪神タイガース
2026-04-14,阪神タイガース,近本,(中),中野,(二),森下,(右),佐藤,(三),大山,(一),木浪,(遊),前川,(左),坂本,(捕),才木,(投),,,読売ジャイアンツ
2026-04-15,オリックス・バファローズ,宗,(三),渡部,(中),西川,(左),シーモア,(一),太田,(二),西野,(指),森友,(捕),来田,(右),野口,(遊),エスピノーザ,投手,埼玉西武ライオンズ
2026-04-15,中日ドラゴンズ,福永,(三),村松,(遊),細川,(左),ボスラー,(右),花田,(中),高橋周,(一),石伊,(捕),板山,(二),マラー,(投),,,広島東洋カープ
2026-04-15,北海道日本ハムファイターズ,奈良間,(二),清宮幸,(一),レイエス,(指),郡司,(三),万波,(右),水谷,(左),清水優,(捕),水野,(遊),カストロ,(中),加藤貴,投手,千葉ロッテマリーンズ
2026-04-15,千葉ロッテマリーンズ,藤原,(中),西川,(左),寺地,(三),山本,(右),岡,(一),山口,(指),藤岡,(二),佐藤,(捕),小川,(遊),毛利,投手,北海道日本ハムファイターズ
2026-04-15,埼玉西武ライオンズ,桑原,(中),源田,(遊),林安可,(指),渡部,(三),小島,(捕),仲三,(左),カナリオ,(右),平沢,(一),佐藤太,(二),髙橋光成,投手,オリックス・バファローズ
2026-04-15,広島東洋カープ,大盛,(中),菊池,(二),小園,(遊),モンテロ,(一),ファビアン,(左),坂倉,(捕),佐々木,(三),中村奨,(右),栗林,(投),,,中日ドラゴンズ
2026-04-15,東北楽天ゴールデンイーグルス,小郷,(右),小深田,(二),辰己,(中),黒川,(三),村林,(遊),浅村,(指),太田,(捕),伊藤裕,(一),中島,(左),古謝,投手,福岡ソフトバンクホークス
2026-04-15,福岡ソフトバンクホークス,柳町,(右),近藤,(左),栗原,(三),柳田,(指),山川,(一),牧原大,(二),周東,(中),海野,(捕),野村,(遊),大関,投手,東北楽天ゴールデンイーグルス
2026-04-16,オリックス・バファローズ,廣岡,(三),渡部,(中),西川,(指),中川,(左),太田,(一),森友,(捕),紅林,(遊),大城,(二),来田,(右),寺西,投手,埼玉西武ライオンズ
2026-04-16,北海道日本ハムファイターズ,清宮幸,(一),水野,(遊),レイエス,(指),郡司,(三),万波,(右),野村,(二),西川,(左),矢澤,(中),田宮,(捕),細野,投手,千葉ロッテマリーンズ
2026-04-16,千葉ロッテマリーンズ,藤原,(右),西川,(左),寺地,(三),山本,(指),ソト,(一),藤岡,(二),髙部,(中),佐藤,(捕),小川,(遊),木村,投手,北海道日本ハムファイターズ
2026-04-16,埼玉西武ライオンズ,桑原,(左),源田,(遊),渡部,(三),林安可,(指),小島,(捕),山村,(一),長谷川,(右),佐藤太,(二),秋山,(中),菅井,投手,オリックス・バファローズ
2026-04-16,東京ヤクルトスワローズ,長岡,(遊),サンタナ,(左),古賀,(捕),オスナ,(一),岩田,(中),赤羽,(三),武岡,(二),松本健,(投),丸山和,(右),,,横浜DeNAベイスターズ
2026-04-16,東北楽天ゴールデンイーグルス,小郷,(右),小深田,(二),辰己,(中),黒川,(三),村林,(遊),鈴木大,(一),YG安田,(指),伊藤光,(捕),阪上,(左),藤原,投手,福岡ソフトバンクホークス
2026-04-16,横浜DeNAベイスターズ,牧,(二),ヒュンメル,(左),佐野,(一),宮﨑,(三),度会,(右),山本,(捕),蝦名,(中),宮下,(遊),デュプランティエ,(投),,,東京ヤクルトスワローズ
2026-04-16,福岡ソフトバンクホークス,周東,(中),近藤,(左),栗原,(三),柳田,(指),山川,(一),牧原大,(二),柳町,(右),海野,(捕),野村,(遊),大津,投手,東北楽天ゴールデンイーグルス
2026-04-16,読売ジャイアンツ,松本,(中),佐々木,(右),泉口,(遊),ダルベック,(三),キャベッジ,(左),増田陸,(一),岸田,(捕),浦田,(二),田中将,(投),,,阪神タイガース
2026-04-16,阪神タイガース,近本,(中),中野,(二),森下,(右),佐藤,(三),大山,(一),前川,(左),坂本,(捕),小幡,(遊),ルーカス,(投),,,読売ジャイアンツ
2026-04-17,オリックス・バファローズ,宗,(三),渡部,(中),西川,(左),中川,(右),太田,(二),森友,(指),シーモア,(一),若月,(捕),紅林,(遊),髙島,投手,福岡ソフトバンクホークス
2026-04-17,中日ドラゴンズ,福永,(三),村松,(遊),細川,(左),ボスラー,(右),高橋周,(一),花田,(中),木下,(捕),田中,(二),柳,(投),,,阪神タイガース
2026-04-17,北海道日本ハムファイターズ,大塚,(二),水野,(遊),レイエス,(指),野村,(一),水谷,(左),万波,(右),矢澤,(中),奈良間,(三),田宮,(捕),北山,投手,埼玉西武ライオンズ
2026-04-17,千葉ロッテマリーンズ,藤原,(右),西川,(左),寺地,(三),ソト,(一),石川慎,(指),藤岡,(二),岡,(中),佐藤,(捕),小川,(遊),種市,投手,東北楽天ゴールデンイーグルス
2026-04-17,埼玉西武ライオンズ,桑原,(左),源田,(遊),渡部,(三),林安可,(指),山村,(一),カナリオ,(右),古賀悠,(捕),長谷川,(中),滝澤,(二),渡邉,投手,北海道日本ハムファイターズ
2026-04-17,広島東洋カープ,大盛,(中),菊池,(二),小園,(遊),モンテロ,(一),ファビアン,(左),坂倉,(捕),佐々木,(三),中村奨,(右),岡本,(投),,,横浜DeNAベイスターズ
2026-04-17,東京ヤクルトスワローズ,長岡,(遊),サンタナ,(左),中村悠,(捕),オスナ,(一),岩田,(中),伊藤,(二),武岡,(三),ウォルターズ,(投),丸山和,(右),,,読売ジャイアンツ
2026-04-17,東北楽天ゴールデンイーグルス,中島,(左),小深田,(二),辰己,(中),黒川,(三),村林,(遊),浅村,(指),伊藤裕,(一),太田,(捕),阪上,(右),藤井,投手,千葉ロッテマリーンズ
2026-04-17,横浜DeNAベイスターズ,牧,(二),佐野,(左),筒香,(一),宮﨑,(三),蝦名,(中),松尾,(捕),勝又,(右),宮下,(遊),平良,(投),,,広島東洋カープ
2026-04-17,福岡ソフトバンクホークス,周東,(中),近藤,(左),栗原,(三),山川,(指),牧原大,(右),中村晃,(一),今宮,(二),谷川原,(捕),野村,(遊),徐,投手,オリックス・バファローズ
2026-04-17,読売ジャイアンツ,佐々木,(中),キャベッジ,(左),泉口,(遊),ダルベック,(三),大城,(捕),丸,(右),増田陸,(一),浦田,(二),ウィットリー,(投),,,東京ヤクルトスワローズ
2026-04-17,阪神タイガース,近本,(中),中野,(二),森下,(右),佐藤,(三),大山,(一),前川,(左),坂本,(捕),小幡,(遊),村上,(投),,,中日ドラゴンズ
2026-04-18,オリックス・バファローズ,宗,(三),渡部,(中),西川,(左),太田,(二),森友,(指),紅林,(遊),シーモア,(一),若月,(捕),来田,(右),九里,投手,福岡ソフトバンクホークス
2026-04-18,中日ドラゴンズ,大島,(中),辻本,(二),福永,(三),細川,(左),高橋周,(一),石伊,(捕),鵜飼,(右),村松,(遊),大野,(投),,,阪神タイガース
2026-04-18,北海道日本ハムファイターズ,水谷,(左),清宮幸,(一),レイエス,(指),郡司,(三),万波,(右),奈良間,(二),山縣,(遊),五十幡,(中),田宮,(捕),伊藤,投手,埼玉西武ライオンズ
2026-04-18,千葉ロッテマリーンズ,藤原,(中),西川,(左),寺地,(三),ソト,(一),ポランコ,(指),山本,(右),上田,(二),松川,(捕),小川,(遊),田中,投手,東北楽天ゴールデンイーグルス
2026-04-18,埼玉西武ライオンズ,桑原,(左),源田,(遊),小島,(捕),林安可,(指),山村,(三),長谷川,(一),カナリオ,(右),秋山,(中),滝澤,(二),武内,投手,北海道日本ハムファイターズ
2026-04-18,広島東洋カープ,大盛,(中),菊池,(二),小園,(遊),モンテロ,(一),ファビアン,(左),佐々木,(三),坂倉,(捕),二俣,(右),ターノック,(投),,,横浜DeNAベイスターズ
2026-04-18,東京ヤクルトスワローズ,長岡,(遊),サンタナ,(左),古賀,(捕),オスナ,(一),岩田,(中),増田,(右),赤羽,(三),奥川,(投),武岡,(二),,,読売ジャイアンツ
2026-04-18,東北楽天ゴールデンイーグルス,中島,(左),小深田,(二),辰己,(中),黒川,(三),村林,(遊),浅村,(指),伊藤裕,(一),小郷,(右),伊藤光,(捕),ウレーニャ,投手,千葉ロッテマリーンズ
2026-04-18,横浜DeNAベイスターズ,牧,(二),度会,(右),筒香,(三),佐野,(一),山本,(捕),三森,(中),勝又,(左),東,(投),林,(遊),,,広島東洋カープ
2026-04-18,福岡ソフトバンクホークス,周東,(中),近藤,(指),栗原,(三),柳田,(左),山川,(一),柳町,(右),川瀬,(遊),海野,(捕),牧原大,(二),上沢,投手,オリックス・バファローズ
2026-04-18,読売ジャイアンツ,佐々木,(中),キャベッジ,(左),泉口,(遊),ダルベック,(三),増田陸,(一),丸,(右),山瀬,(捕),浦田,(二),マタ,(投),,,東京ヤクルトスワローズ
2026-04-18,阪神タイガース,近本,(中),中野,(二),森下,(右),佐藤,(三),大山,(一),木浪,(遊),中川,(左),坂本,(捕),大竹,(投),,,中日ドラゴンズ
2026-04-19,オリックス・バファローズ,宗,(三),渡部,(中),西川,(左),中川,(右),太田,(一),森友,(捕),西野,(指),大城,(二),紅林,(遊),ジェリー,投手,福岡ソフトバンクホークス
2026-04-19,中日ドラゴンズ,大島,(中),石伊,(捕),ボスラー,(三),細川,(左),阿部,(一),鵜飼,(右),村松,(遊),田中,(二),髙橋宏,(投),,,阪神タイガース
2026-04-19,北海道日本ハムファイターズ,水谷,(中),清宮幸,(左),レイエス,(指),郡司,(三),万波,(右),水野,(遊),西川,(一),奈良間,(二),田宮,(捕),有原,投手,埼玉西武ライオンズ
2026-04-19,千葉ロッテマリーンズ,藤原,(右),西川,(左),ソト,(一),石川慎,(指),寺地,(三),愛斗,(中),友杉,(遊),田村,(捕),小川,(二),廣池,投手,東北楽天ゴールデンイーグルス
2026-04-19,埼玉西武ライオンズ,桑原,(左),源田,(遊),渡部,(指),林安可,(右),山村,(三),長谷川,(中),古賀悠,(捕),平沢,(一),滝澤,(二),平良,投手,北海道日本ハムファイターズ
2026-04-19,広島東洋カープ,平川,(右),大盛,(中),小園,(遊),モンテロ,(一),秋山,(左),佐々木,(三),勝田,(二),床田,(投),持丸,(捕),,,横浜DeNAベイスターズ
2026-04-19,東京ヤクルトスワローズ,長岡,(遊),サンタナ,(左),古賀,(捕),オスナ,(一),岩田,(中),赤羽,(三),伊藤,(二),増居,(投),並木,(右),,,読売ジャイアンツ
2026-04-19,東北楽天ゴールデンイーグルス,中島,(左),小深田,(二),辰己,(中),黒川,(三),村林,(遊),浅村,(指),伊藤裕,(一),太田,(捕),小郷,(右),早川,投手,千葉ロッテマリーンズ
2026-04-19,横浜DeNAベイスターズ,牧,(二),ヒュンメル,(右),佐野,(一),宮﨑,(三),山本,(捕),蝦名,(中),宮下,(遊),勝又,(左),石田裕,(投),,,広島東洋カープ
2026-04-19,福岡ソフトバンクホークス,周東,(中),近藤,(左),栗原,(三),柳田,(指),山川,(一),柳町,(右),川瀬,(遊),海野,(捕),牧原大,(二),松本晴,投手,オリックス・バファローズ
2026-04-19,読売ジャイアンツ,佐々木,(右),松本,(中),泉口,(遊),ダルベック,(三),キャベッジ,(左),増田陸,(一),岸田,(捕),浦田,(二),井上,(投),,,東京ヤクルトスワローズ
2026-04-19,阪神タイガース,近本,(中),中野,(二),森下,(右),佐藤,(三),大山,(一),前川,(左),木浪,(遊),伏見,(捕),伊原,(投),,,中日ドラゴンズ
2026-04-21,オリックス・バファローズ,宗,(三),渡部,(中),西川,(左),太田,(二),森友,(指),中川,(右),シーモア,(一),若月,(捕),横山聖,(遊),田嶋大,投手,千葉ロッテマリーンズ
2026-04-21,中日ドラゴンズ,大島,(中),石伊,(捕),ボスラー,(一),細川,(左),高橋周,(三),鵜飼,(右),村松,(遊),田中,(二),金丸,(投),,,読売ジャイアンツ
2026-04-21,北海道日本ハムファイターズ,水野,(遊),清宮幸,(一),レイエス,(指),郡司,(三),万波,(右),淺間,(中),マルティネス,(左),田宮,(捕),奈良間,(二),達,投手,東北楽天ゴールデンイーグルス
2026-04-21,千葉ロッテマリーンズ,藤原,(中),西川,(左),石川慎,(指),山本,(右),寺地,(三),ソト,(一),友杉,(遊),松川,(捕),小川,(二),ジャクソン,投手,オリックス・バファローズ
2026-04-21,埼玉西武ライオンズ,桑原,(左),源田,(遊),渡部,(指),林安可,(右),小島,(捕),平沢,(三),西川,(中),長谷川,(一),滝澤,(二),隅田,投手,福岡ソフトバンクホークス
2026-04-21,広島東洋カープ,平川,(中),勝田,(二),小園,(遊),坂倉,(一),秋山,(左),野間,(右),佐々木,(三),持丸,(捕),森下,(投),,,東京ヤクルトスワローズ
2026-04-21,東京ヤクルトスワローズ,長岡,(遊),サンタナ,(左),古賀,(捕),オスナ,(一),岩田,(中),赤羽,(三),武岡,(二),吉村,(投),並木,(右),,,広島東洋カープ
2026-04-21,東北楽天ゴールデンイーグルス,中島,(左),小深田,(二),辰己,(中),浅村,(一),村林,(遊),黒川,(三),YG安田,(指),太田,(捕),小郷,(右),荘司,投手,北海道日本ハムファイターズ
2026-04-21,横浜DeNAベイスターズ,三森,(中),牧,(二),佐野,(一),宮﨑,(三),度会,(右),山本,(捕),勝又,(左),深沢,(投),林,(遊),,,阪神タイガース
2026-04-21,福岡ソフトバンクホークス,周東,(中),近藤,(左),牧原大,(二),柳田,(指),山川,(一),今宮,(遊),栗原,(三),谷川原,(捕),柳町,(右),スチュワート・ジュニア,投手,埼玉西武ライオンズ
2026-04-21,読売ジャイアンツ,松本,(中),キャベッジ,(左),増田陸,(一),ダルベック,(三),大城,(捕),小濱,(遊),平山,(右),浦田,(二),則本,(投),,,中日ドラゴンズ
2026-04-21,阪神タイガース,近本,(中),中野,(二),森下,(右),佐藤,(三),大山,(一),木浪,(遊),福島,(左),坂本,(捕),才木,(投),,,横浜DeNAベイスターズ
2026-04-22,オリックス・バファローズ,渡部,(中),大城,(二),西川,(左),太田,(一),森友,(指),中川,(右),西野,(三),若月,(捕),紅林,(遊),曽谷,投手,千葉ロッテマリーンズ
2026-04-22,中日ドラゴンズ,大島,(中),田中,(二),石伊,(捕),細川,(左),鵜飼,(右),阿部,(一),ボスラー,(三),櫻井,(投),ロドリゲス,(遊),,,読売ジャイアンツ
2026-04-22,北海道日本ハムファイターズ,野村,(左),奈良間,(二),レイエス,(指),郡司,(三),万波,(右),清水優,(捕),水野,(遊),清宮幸,(一),淺間,(中),加藤貴,投手,東北楽天ゴールデンイーグルス
2026-04-22,千葉ロッテマリーンズ,藤原,(中),西川,(左),石川慎,(指),山本,(右),寺地,(三),上田,(一),友杉,(遊),松川,(捕),小川,(二),毛利,投手,オリックス・バファローズ
2026-04-22,埼玉西武ライオンズ,長谷川,(一),源田,(遊),渡部,(指),カナリオ,(右),岸,(左),平沢,(三),古賀悠,(捕),西川,(中),滝澤,(二),髙橋光成,投手,福岡ソフトバンクホークス
2026-04-22,広島東洋カープ,平川,(中),菊池,(二),小園,(遊),モンテロ,(一),二俣,(右),ファビアン,(左),佐々木,(三),持丸,(捕),大瀬良,(投),,,東京ヤクルトスワローズ
2026-04-22,東京ヤクルトスワローズ,長岡,(遊),サンタナ,(左),鈴木叶,(捕),オスナ,(一),岩田,(中),赤羽,(三),武岡,(二),山野,(投),丸山和,(右),,,広島東洋カープ
2026-04-22,東北楽天ゴールデンイーグルス,小深田,(二),辰己,(中),ボイト,(指),浅村,(一),村林,(遊),伊藤裕,(三),渡邊佳,(左),太田,(捕),小郷,(右),古謝,投手,北海道日本ハムファイターズ
2026-04-22,横浜DeNAベイスターズ,三森,(中),牧,(二),ヒュンメル,(右),佐野,(一),度会,(三),勝又,(左),戸柱,(捕),竹田,(投),京田,(遊),,,阪神タイガース
2026-04-22,福岡ソフトバンクホークス,周東,(中),近藤,(左),栗原,(三),柳田,(指),山川,(一),柳町,(右),川瀬,(遊),海野,(捕),牧原大,(二),大関,投手,埼玉西武ライオンズ
2026-04-22,読売ジャイアンツ,佐々木,(中),キャベッジ,(左),石塚,(遊),ダルベック,(一),大城,(捕),小濱,(三),平山,(右),浦田,(二),竹丸,(投),,,中日ドラゴンズ
2026-04-22,阪神タイガース,近本,(中),中野,(二),森下,(右),佐藤,(三),大山,(一),木浪,(遊),福島,(左),坂本,(捕),茨木,(投),,,横浜DeNAベイスターズ
2026-04-23,北海道日本ハムファイターズ,矢澤,(中),西川,(左),レイエス,(指),郡司,(三),清宮幸,(一),淺間,(右),奈良間,(二),大塚,(遊),田宮,(捕),福島,投手,東北楽天ゴールデンイーグルス
2026-04-23,埼玉西武ライオンズ,西川,(中),源田,(遊),渡部,(指),カナリオ,(右),岸,(左),平沢,(三),古賀悠,(捕),長谷川,(一),滝澤,(二),菅井,投手,福岡ソフトバンクホークス
2026-04-23,広島東洋カープ,平川,(中),菊池,(二),小園,(遊),坂倉,(一),秋山,(左),野間,(右),佐々木,(三),持丸,(捕),岡本,(投),,,東京ヤクルトスワローズ
2026-04-23,東京ヤクルトスワローズ,長岡,(遊),サンタナ,(左),古賀,(捕),オスナ,(一),岩田,(中),赤羽,(二),丸山和,(右),高梨,(投),田中,(三),,,広島東洋カープ
2026-04-23,東北楽天ゴールデンイーグルス,小郷,(右),小深田,(二),辰己,(中),浅村,(指),村林,(遊),黒川,(三),伊藤裕,(一),中島,(左),伊藤光,(捕),瀧中,投手,北海道日本ハムファイターズ
2026-04-23,福岡ソフトバンクホークス,周東,(中),近藤,(左),栗原,(三),柳田,(指),山川,(一),今宮,(遊),川村,(右),海野,(捕),牧原大,(二),大津,投手,埼玉西武ライオンズ
2026-04-24,オリックス・バファローズ,渡部,(中),宗,(三),西川,(左),太田,(一),中川,(右),森友,(捕),シーモア,(指),西野,(二),紅林,(遊),エスピノーザ,投手,北海道日本ハムファイターズ
2026-04-24,中日ドラゴンズ,大島,(中),板山,(二),高橋周,(三),細川,(左),ボスラー,(一),鵜飼,(右),村松,(遊),木下,(捕),柳,(投),,,東京ヤクルトスワローズ
2026-04-24,北海道日本ハムファイターズ,野村,(左),万波,(右),清宮幸,(一),郡司,(三),マルティネス,(指),田宮,(捕),奈良間,(二),水野,(遊),淺間,(中),伊藤,投手,オリックス・バファローズ
2026-04-24,東京ヤクルトスワローズ,長岡,(遊),サンタナ,(左),古賀,(捕),オスナ,(一),増田,(右),岩田,(中),赤羽,(二),松本健,(投),田中,(三),,,中日ドラゴンズ
2026-04-24,横浜DeNAベイスターズ,三森,(中),牧,(二),佐野,(一),宮﨑,(三),度会,(右),松尾,(捕),勝又,(左),平良,(投),林,(遊),,,読売ジャイアンツ
2026-04-24,読売ジャイアンツ,佐々木,(中),キャベッジ,(左),石塚,(遊),ダルベック,(一),大城,(捕),坂本勇,(三),皆川,(右),浦田,(二),田中将,(投),,,横浜DeNAベイスターズ
2026-04-25,オリックス・バファローズ,渡部,(中),西野,(三),西川,(左),太田,(一),シーモア,(指),紅林,(遊),来田,(右),若月,(捕),野口,(二),髙島,投手,北海道日本ハムファイターズ
2026-04-25,中日ドラゴンズ,大島,(中),石伊,(捕),高橋周,(三),細川,(左),ボスラー,(一),鵜飼,(右),村松,(遊),板山,(二),大野,(投),,,東京ヤクルトスワローズ
2026-04-25,北海道日本ハムファイターズ,清宮幸,(一),矢澤,(中),レイエス,(指),郡司,(三),西川,(左),万波,(右),奈良間,(二),清水優,(捕),大塚,(遊),北山,投手,オリックス・バファローズ
2026-04-25,千葉ロッテマリーンズ,藤原,(中),西川,(左),寺地,(三),ソト,(一),山本,(右),ポランコ,(指),友杉,(遊),佐藤,(捕),小川,(二),種市,投手,福岡ソフトバンクホークス
2026-04-25,埼玉西武ライオンズ,西川,(中),小島,(捕),渡部,(指),カナリオ,(右),林安可,(左),平沢,(一),山村,(三),源田,(遊),滝澤,(二),武内,投手,東北楽天ゴールデンイーグルス
2026-04-25,広島東洋カープ,秋山,(左),大盛,(中),小園,(遊),坂倉,(一),野間,(右),佐々木,(三),勝田,(二),持丸,(捕),ターノック,(投),,,阪神タイガース
2026-04-25,東京ヤクルトスワローズ,長岡,(遊),サンタナ,(左),古賀,(捕),オスナ,(一),増田,(右),赤羽,(三),伊藤,(二),小川,(投),並木,(中),,,中日ドラゴンズ
2026-04-25,東北楽天ゴールデンイーグルス,小郷,(右),小深田,(二),村林,(遊),浅村,(指),伊藤裕,(一),黒川,(三),マッカスカー,(左),辰己,(中),伊藤光,(捕),ウレーニャ,投手,埼玉西武ライオンズ
2026-04-25,横浜DeNAベイスターズ,蝦名,(中),度会,(三),山本,(捕),佐野,(一),ヒュンメル,(右),三森,(二),京田,(遊),勝又,(左),片山,(投),,,読売ジャイアンツ
2026-04-25,福岡ソフトバンクホークス,周東,(中),近藤,(左),栗原,(三),柳田,(指),山川,(一),今宮,(遊),川瀬,(二),海野,(捕),牧原大,(右),上沢,投手,千葉ロッテマリーンズ
2026-04-25,読売ジャイアンツ,キャベッジ,(左),浦田,(二),松本,(中),ダルベック,(一),岸田,(捕),坂本勇,(三),平山,(右),小濱,(遊),マタ,(投),,,横浜DeNAベイスターズ
2026-04-25,阪神タイガース,近本,(中),中野,(二),森下,(右),佐藤,(三),大山,(一),髙寺,(左),坂本,(捕),小幡,(遊),村上,(投),,,広島東洋カープ
2026-04-26,オリックス・バファローズ,宗,(三),渡部,(中),西川,(左),シーモア,(一),森友,(指),来田,(右),横山聖,(遊),若月,(捕),野口,(二),九里,投手,北海道日本ハムファイターズ
2026-04-26,中日ドラゴンズ,大島,(中),石伊,(捕),高橋周,(三),細川,(左),ボスラー,(一),鵜飼,(右),村松,(遊),板山,(二),髙橋宏,(投),,,東京ヤクルトスワローズ
2026-04-26,北海道日本ハムファイターズ,西川,(左),清宮幸,(一),レイエス,(指),郡司,(三),大塚,(二),矢澤,(中),万波,(右),田宮,(捕),山縣,(遊),有原,投手,オリックス・バファローズ
2026-04-26,千葉ロッテマリーンズ,藤原,(中),西川,(左),寺地,(三),ソト,(指),井上,(右),池田,(一),友杉,(遊),佐藤,(捕),小川,(二),田中,投手,福岡ソフトバンクホークス
2026-04-26,埼玉西武ライオンズ,西川,(中),小島,(捕),渡部,(指),カナリオ,(右),林安可,(左),平沢,(一),山村,(三),源田,(遊),滝澤,(二),平良,投手,東北楽天ゴールデンイーグルス
2026-04-26,広島東洋カープ,秋山,(左),辰見,(右),小園,(三),モンテロ,(一),菊池,(二),大盛,(中),勝田,(遊),持丸,(捕),栗林,(投),,,阪神タイガース
2026-04-26,東京ヤクルトスワローズ,長岡,(遊),サンタナ,(左),鈴木叶,(捕),オスナ,(一),岩田,(中),赤羽,(三),丸山和,(右),奥川,(投),武岡,(二),,,中日ドラゴンズ
2026-04-26,東北楽天ゴールデンイーグルス,小深田,(二),辰己,(中),村林,(遊),浅村,(一),伊藤裕,(三),マッカスカー,(左),太田,(捕),ボイト,(指),武藤,(右),早川,投手,埼玉西武ライオンズ
2026-04-26,横浜DeNAベイスターズ,三森,(二),佐野,(左),ビシエド,(一),宮﨑,(三),山本,(捕),勝又,(右),蝦名,(中),宮下,(遊),石田裕,(投),,,読売ジャイアンツ
2026-04-26,福岡ソフトバンクホークス,柳田,(指),周東,(中),栗原,(三),近藤,(左),今宮,(遊),山川,(一),牧原大,(二),柳町,(右),渡邉,(捕),前田悠,投手,千葉ロッテマリーンズ
2026-04-26,読売ジャイアンツ,キャベッジ,(左),浦田,(二),佐々木,(中),ダルベック,(一),岸田,(捕),平山,(右),小濱,(遊),門脇,(三),井上,(投),,,横浜DeNAベイスターズ
2026-04-26,阪神タイガース,近本,(中),中野,(二),森下,(右),佐藤,(三),大山,(一),福島,(左),坂本,(捕),小幡,(遊),大竹,(投),,,広島東洋カープ
2026-04-28,オリックス・バファローズ,宗,(三),渡部,(中),西川,(左),太田,(一),森友,(捕),中川,(右),シーモア,(指),野口,(二),紅林,(遊),ジェリー,投手,福岡ソフトバンクホークス
2026-04-28,中日ドラゴンズ,大島,(中),石伊,(捕),福永,(三),細川,(左),阿部,(一),鵜飼,(右),村松,(遊),田中,(二),金丸,(投),,,横浜DeNAベイスターズ
2026-04-28,北海道日本ハムファイターズ,野村,(左),水野,(遊),レイエス,(指),郡司,(三),清宮幸,(一),カストロ,(中),万波,(右),田宮,(捕),奈良間,(二),細野,投手,埼玉西武ライオンズ
2026-04-28,千葉ロッテマリーンズ,藤原,(中),西川,(左),寺地,(三),ソト,(一),山本,(右),ポランコ,(指),友杉,(遊),佐藤,(捕),小川,(二),ジャクソン,投手,東北楽天ゴールデンイーグルス
2026-04-28,埼玉西武ライオンズ,岸,(中),長谷川,(一),渡部,(指),カナリオ,(右),林安可,(左),平沢,(三),古賀悠,(捕),源田,(遊),滝澤,(二),渡邉,投手,北海道日本ハムファイターズ
2026-04-28,広島東洋カープ,秋山,(左),菊池,(二),小園,(遊),坂倉,(一),野間,(右),佐々木,(三),平川,(中),持丸,(捕),床田,(投),,,読売ジャイアンツ
2026-04-28,東京ヤクルトスワローズ,長岡,(遊),丸山和,(右),内山,(二),サンタナ,(左),赤羽,(一),岩田,(中),古賀,(捕),武岡,(三),吉村,(投),,,阪神タイガース
2026-04-28,東北楽天ゴールデンイーグルス,辰己,(中),黒川,(三),太田,(捕),浅村,(一),村林,(遊),マッカスカー,(左),小郷,(右),ボイト,(指),小深田,(二),荘司,投手,千葉ロッテマリーンズ
2026-04-28,横浜DeNAベイスターズ,三森,(二),ヒュンメル,(右),佐野,(一),宮﨑,(三),山本,(捕),蝦名,(中),勝又,(左),成瀬,(遊),東,(投),,,中日ドラゴンズ
2026-04-28,福岡ソフトバンクホークス,柳田,(指),周東,(中),栗原,(三),近藤,(左),今宮,(遊),山川,(一),牧原大,(二),笹川,(右),海野,(捕),松本晴,投手,オリックス・バファローズ
2026-04-28,読売ジャイアンツ,キャベッジ,(左),浦田,(二),松本,(中),ダルベック,(三),岸田,(捕),平山,(右),増田陸,(一),小濱,(遊),則本,(投),,,広島東洋カープ
2026-04-28,阪神タイガース,福島,(中),中野,(二),森下,(右),佐藤,(三),大山,(一),髙寺,(左),坂本,(捕),小幡,(遊),才木,(投),,,東京ヤクルトスワローズ
2026-04-29,オリックス・バファローズ,宗,(三),渡部,(中),西川,(左),太田,(二),森友,(指),中川,(右),シーモア,(一),若月,(捕),紅林,(遊),田嶋大,投手,福岡ソフトバンクホークス
2026-04-29,中日ドラゴンズ,大島,(中),石伊,(捕),高橋周,(三),細川,(左),ボスラー,(一),鵜飼,(右),村松,(遊),田中,(二),櫻井,(投),,,横浜DeNAベイスターズ
2026-04-29,北海道日本ハムファイターズ,西川,(中),清宮幸,(一),レイエス,(指),郡司,(三),カストロ,(二),野村,(右),マルティネス,(左),進藤,(捕),奈良間,(遊),達,投手,埼玉西武ライオンズ
2026-04-29,千葉ロッテマリーンズ,藤原,(中),西川,(左),寺地,(三),ポランコ,(指),山本,(右),井上,(一),友杉,(遊),佐藤,(捕),小川,(二),西野,投手,東北楽天ゴールデンイーグルス
2026-04-29,埼玉西武ライオンズ,西川,(中),滝澤,(二),渡部,(指),カナリオ,(右),林安可,(左),平沢,(一),山村,(三),古賀悠,(捕),源田,(遊),髙橋光成,投手,北海道日本ハムファイターズ
2026-04-29,広島東洋カープ,秋山,(左),菊池,(二),小園,(遊),坂倉,(一),野間,(右),佐々木,(三),平川,(中),持丸,(捕),森下,(投),,,読売ジャイアンツ
2026-04-29,東京ヤクルトスワローズ,増田,(右),鈴木叶,(捕),内山,(三),サンタナ,(左),赤羽,(二),岩田,(中),茂木,(一),山野,(投),伊藤,(遊),,,阪神タイガース
2026-04-29,東北楽天ゴールデンイーグルス,辰己,(中),黒川,(二),伊藤裕,(一),浅村,(指),渡邊佳,(右),マッカスカー,(左),太田,(捕),平良,(三),村林,(遊),前田健,投手,千葉ロッテマリーンズ
2026-04-29,横浜DeNAベイスターズ,三森,(中),度会,(三),佐野,(一),松尾,(捕),勝又,(左),蝦名,(右),京田,(遊),林,(二),島田,(投),,,中日ドラゴンズ
2026-04-29,福岡ソフトバンクホークス,柳田,(指),周東,(中),栗原,(三),近藤,(左),牧原大,(二),今宮,(遊),山川,(一),柳町,(右),海野,(捕),大関,投手,オリックス・バファローズ
2026-04-29,読売ジャイアンツ,キャベッジ,(左),吉川,(二),佐々木,(中),ダルベック,(三),岸田,(捕),増田陸,(一),平山,(右),浦田,(遊),竹丸,(投),,,広島東洋カープ
2026-04-29,阪神タイガース,福島,(中),岡城,(左),森下,(右),佐藤,(三),大山,(一),小幡,(遊),伏見,(捕),熊谷,(二),髙橋,(投),,,東京ヤクルトスワローズ
2026-04-30,中日ドラゴンズ,福永,(三),板山,(中),ボスラー,(一),細川,(左),石伊,(捕),村松,(遊),土田,(二),鵜飼,(右),マラー,(投),,,横浜DeNAベイスターズ
2026-04-30,北海道日本ハムファイターズ,万波,(右),清宮幸,(一),カストロ,(中),郡司,(三),レイエス,(指),野村,(二),マルティネス,(左),水野,(遊),進藤,(捕),伊藤,投手,埼玉西武ライオンズ
2026-04-30,埼玉西武ライオンズ,茶野,(中),長谷川,(一),渡部,(指),カナリオ,(右),林安可,(左),平沢,(三),石井,(二),古賀悠,(捕),滝澤,(遊),隅田,投手,北海道日本ハムファイターズ
2026-04-30,広島東洋カープ,大盛,(中),菊池,(二),小園,(三),坂倉,(一),野間,(左),勝田,(遊),平川,(右),持丸,(捕),玉村,(投),,,読売ジャイアンツ
2026-04-30,東京ヤクルトスワローズ,岩田,(中),サンタナ,(左),古賀,(捕),茂木,(一),内山,(三),武岡,(二),伊藤,(遊),高梨,(投),丸山和,(右),,,阪神タイガース
2026-04-30,横浜DeNAベイスターズ,三森,(中),蝦名,(右),佐野,(一),宮﨑,(三),山本,(捕),ヒュンメル,(左),京田,(遊),林,(二),篠木,(投),,,中日ドラゴンズ
2026-04-30,読売ジャイアンツ,松本,(中),平山,(右),吉川,(二),キャベッジ,(左),岸田,(捕),坂本勇,(三),増田陸,(一),浦田,(遊),ウィットリー,(投),,,広島東洋カープ
2026-04-30,阪神タイガース,福島,(中),岡城,(左),森下,(右),佐藤,(三),大山,(一),小幡,(遊),伏見,(捕),熊谷,(二),西勇,(投),,,東京ヤクルトスワローズ
2026-05-01,オリックス・バファローズ,宗,(三),渡部,(中),西川,(左),太田,(二),森友,(指),中川,(右),シーモア,(一),若月,(捕),紅林,(遊),曽谷,投手,北海道日本ハムファイターズ
2026-05-01,中日ドラゴンズ,大島,(中),福永,(三),村松,(遊),細川,(左),ボスラー,(一),木下,(捕),板山,(右),山本,(二),柳,(投),,,広島東洋カープ
2026-05-01,北海道日本ハムファイターズ,水野,(遊),カストロ,(中),野村,(左),郡司,(三),レイエス,(指),清宮幸,(一),万波,(右),奈良間,(二),田宮,(捕),加藤貴,投手,オリックス・バファローズ
2026-05-01,千葉ロッテマリーンズ,藤原,(中),西川,(左),寺地,(三),石川慎,(指),ソト,(一),井上,(右),友杉,(遊),佐藤,(捕),小川,(二),廣池,投手,埼玉西武ライオンズ
2026-05-01,埼玉西武ライオンズ,カナリオ,(右),西川,(中),渡部,(指),ネビン,(一),長谷川,(左),平沢,(三),石井,(二),柘植,(捕),滝澤,(遊),佐藤爽,投手,千葉ロッテマリーンズ
2026-05-01,広島東洋カープ,秋山,(左),勝田,(二),小園,(遊),坂倉,(一),野間,(右),佐々木,(三),平川,(中),持丸,(捕),岡本,(投),,,中日ドラゴンズ
2026-05-01,東京ヤクルトスワローズ,丸山和,(右),岩田,(中),サンタナ,(左),茂木,(一),内山,(二),武岡,(遊),古賀,(捕),田中,(三),松本健,(投),,,横浜DeNAベイスターズ
2026-05-01,東北楽天ゴールデンイーグルス,平良,(三),辰己,(中),村林,(遊),浅村,(一),伊藤裕,(左),黒川,(二),ボイト,(指),中島,(右),太田,(捕),古謝,投手,福岡ソフトバンクホークス
2026-05-01,横浜DeNAベイスターズ,三森,(中),度会,(三),ヒュンメル,(右),佐野,(一),松尾,(捕),勝又,(左),京田,(遊),林,(二),平良,(投),,,東京ヤクルトスワローズ
2026-05-01,福岡ソフトバンクホークス,柳田,(指),周東,(中),栗原,(三),近藤,(左),牧原大,(二),今宮,(遊),山川,(一),柳町,(右),海野,(捕),上沢,投手,東北楽天ゴールデンイーグルス
2026-05-01,読売ジャイアンツ,キャベッジ,(左),吉川,(二),中山,(右),ダルベック,(三),大城,(捕),増田陸,(一),平山,(中),浦田,(遊),田中将,(投),,,阪神タイガース
2026-05-01,阪神タイガース,岡城,(左),福島,(中),森下,(右),佐藤,(三),大山,(一),小幡,(遊),坂本,(捕),熊谷,(二),村上,(投),,,読売ジャイアンツ
2026-05-02,オリックス・バファローズ,渡部,(中),宗,(三),西川,(指),太田,(二),中川,(左),森友,(捕),シーモア,(一),来田,(右),紅林,(遊),エスピノーザ,投手,北海道日本ハムファイターズ
2026-05-02,中日ドラゴンズ,大島,(中),板山,(右),村松,(遊),細川,(左),高橋周,(三),石伊,(捕),ボスラー,(一),田中,(二),大野,(投),,,広島東洋カープ
2026-05-02,北海道日本ハムファイターズ,水野,(遊),カストロ,(中),野村,(左),郡司,(三),レイエス,(指),清宮幸,(一),万波,(右),奈良間,(二),田宮,(捕),古林,投手,オリックス・バファローズ
2026-05-02,千葉ロッテマリーンズ,藤原,(右),西川,(指),寺地,(三),ソト,(一),山本,(左),愛斗,(中),友杉,(遊),佐藤,(捕),小川,(二),田中,投手,埼玉西武ライオンズ
2026-05-02,埼玉西武ライオンズ,カナリオ,(右),西川,(中),渡部,(指),ネビン,(一),小島,(捕),平沢,(左),石井,(二),源田,(遊),滝澤,(三),武内,投手,千葉ロッテマリーンズ
2026-05-02,広島東洋カープ,秋山,(左),二俣,(右),小園,(遊),坂倉,(一),菊池,(二),平川,(中),佐々木,(三),持丸,(捕),ターノック,(投),,,中日ドラゴンズ
2026-05-02,東京ヤクルトスワローズ,丸山和,(右),岩田,(中),増田,(左),茂木,(一),内山,(二),武岡,(遊),鈴木叶,(捕),田中,(三),小川,(投),,,横浜DeNAベイスターズ
2026-05-02,東北楽天ゴールデンイーグルス,平良,(三),辰己,(中),黒川,(二),浅村,(指),村林,(遊),伊藤裕,(一),中島,(右),武藤,(左),伊藤光,(捕),ウレーニャ,投手,福岡ソフトバンクホークス
2026-05-02,横浜DeNAベイスターズ,三森,(中),度会,(左),佐野,(一),宮﨑,(三),ヒュンメル,(右),京田,(遊),戸柱,(捕),林,(二),入江,(投),,,東京ヤクルトスワローズ
2026-05-02,福岡ソフトバンクホークス,周東,(中),近藤,(指),柳町,(右),栗原,(三),牧原大,(二),今宮,(遊),山川,(一),笹川,(左),海野,(捕),大津,投手,東北楽天ゴールデンイーグルス
2026-05-02,読売ジャイアンツ,キャベッジ,(左),平山,(中),中山,(右),ダルベック,(三),増田陸,(一),岸田,(捕),小濱,(遊),浦田,(二),又木,(投),,,阪神タイガース
2026-05-02,阪神タイガース,岡城,(左),福島,(中),森下,(右),佐藤,(三),大山,(一),小幡,(遊),伏見,(捕),髙寺,(二),大竹,(投),,,読売ジャイアンツ
2026-05-03,オリックス・バファローズ,宗,(三),渡部,(中),西川,(左),太田,(一),西野,(二),紅林,(遊),シーモア,(指),若月,(捕),来田,(右),九里,投手,北海道日本ハムファイターズ
2026-05-03,北海道日本ハムファイターズ,カストロ,(中),大塚,(二),レイエス,(指),郡司,(三),清宮幸,(一),野村,(左),万波,(右),進藤,(捕),水野,(遊),北山,投手,オリックス・バファローズ
2026-05-03,千葉ロッテマリーンズ,藤原,(右),西川,(左),ソト,(一),ポランコ,(指),寺地,(三),愛斗,(中),友杉,(遊),松川,(捕),小川,(二),毛利,投手,埼玉西武ライオンズ
2026-05-03,埼玉西武ライオンズ,カナリオ,(右),西川,(中),長谷川,(一),ネビン,(指),岸,(左),平沢,(三),古賀悠,(捕),滝澤,(遊),石井,(二),平良,投手,千葉ロッテマリーンズ
2026-05-03,東京ヤクルトスワローズ,増田,(右),岩田,(中),サンタナ,(左),茂木,(一),内山,(二),武岡,(遊),古賀,(捕),ウォルターズ,(投),田中,(三),,,横浜DeNAベイスターズ
2026-05-03,東北楽天ゴールデンイーグルス,平良,(左),辰己,(中),黒川,(一),浅村,(指),村林,(遊),中島,(右),繁永,(三),太田,(捕),入江,(二),早川,投手,福岡ソフトバンクホークス
2026-05-03,横浜DeNAベイスターズ,三森,(中),度会,(左),佐野,(一),宮﨑,(三),ヒュンメル,(右),山本,(捕),京田,(遊),林,(二),石田裕,(投),,,東京ヤクルトスワローズ
2026-05-03,福岡ソフトバンクホークス,周東,(中),近藤,(指),柳町,(右),栗原,(三),牧原大,(二),今宮,(遊),山川,(一),笹川,(左),渡邉,(捕),前田悠,投手,東北楽天ゴールデンイーグルス
2026-05-03,読売ジャイアンツ,吉川,(二),キャベッジ,(左),中山,(右),ダルベック,(三),大城,(捕),増田陸,(一),佐々木,(中),浦田,(遊),井上,(投),,,阪神タイガース
2026-05-03,阪神タイガース,髙寺,(左),中野,(二),森下,(右),佐藤,(三),大山,(一),小幡,(遊),小野寺,(中),梅野,(捕),才木,(投),,,読売ジャイアンツ
2026-05-04,オリックス・バファローズ,来田,(右),森友,(指),西川,(左),中川,(中),太田,(二),シーモア,(一),西野,(三),若月,(捕),紅林,(遊),髙島,投手,千葉ロッテマリーンズ
2026-05-04,中日ドラゴンズ,カリステ,(右),福永,(三),村松,(遊),細川,(左),石伊,(捕),ボスラー,(一),鵜飼,(中),田中,(二),中西,(投),,,阪神タイガース
2026-05-04,北海道日本ハムファイターズ,五十幡,(中),マルティネス,(一),清宮幸,(三),淺間,(左),レイエス,(指),大塚,(遊),万波,(右),田宮,(捕),水野,(二),福島,投手,東北楽天ゴールデンイーグルス
2026-05-04,千葉ロッテマリーンズ,藤原,(右),西川,(左),ソト,(一),ポランコ,(指),寺地,(三),愛斗,(中),友杉,(遊),佐藤,(捕),小川,(二),小島,投手,オリックス・バファローズ
2026-05-04,埼玉西武ライオンズ,カナリオ,(右),西川,(中),渡部,(指),ネビン,(一),林安可,(左),平沢,(三),小島,(捕),石井,(二),滝澤,(遊),菅井,投手,福岡ソフトバンクホークス
2026-05-04,広島東洋カープ,秋山,(左),菊池,(二),小園,(遊),坂倉,(一),野間,(右),平川,(中),佐々木,(三),持丸,(捕),大瀬良,(投),,,横浜DeNAベイスターズ
2026-05-04,東京ヤクルトスワローズ,丸山和,(右),サンタナ,(左),鈴木叶,(捕),内山,(二),武岡,(三),茂木,(一),伊藤,(遊),奥川,(投),並木,(中),,,読売ジャイアンツ
2026-05-04,東北楽天ゴールデンイーグルス,中島,(右),辰己,(中),黒川,(三),浅村,(一),村林,(遊),渡邊佳,(左),ゴンザレス,(指),小深田,(二),伊藤光,(捕),瀧中,投手,北海道日本ハムファイターズ
2026-05-04,横浜DeNAベイスターズ,三森,(中),京田,(遊),度会,(三),佐野,(一),山本,(捕),勝又,(左),蝦名,(右),林,(二),竹田,(投),,,広島東洋カープ
2026-05-04,福岡ソフトバンクホークス,周東,(中),近藤,(左),牧原大,(二),栗原,(一),柳町,(右),今宮,(遊),中村晃,(指),野村,(三),海野,(捕),徐,投手,埼玉西武ライオンズ
2026-05-04,読売ジャイアンツ,吉川,(二),中山,(左),泉口,(遊),ダルベック,(三),大城,(捕),佐々木,(中),増田陸,(一),平山,(右),戸郷,(投),,,東京ヤクルトスワローズ
2026-05-04,阪神タイガース,髙寺,(中),中野,(二),森下,(右),佐藤,(三),大山,(一),前川,(左),小幡,(遊),伏見,(捕),門別,(投),,,中日ドラゴンズ
2026-05-05,オリックス・バファローズ,宗,(三),渡部,(中),西川,(指),中川,(左),森友,(捕),シーモア,(一),宜保,(二),麦谷,(右),紅林,(遊),ジェリー,投手,千葉ロッテマリーンズ
2026-05-05,中日ドラゴンズ,カリステ,(右),福永,(三),村松,(遊),細川,(左),ボスラー,(一),石伊,(捕),土田,(中),田中,(二),金丸,(投),,,阪神タイガース
2026-05-05,北海道日本ハムファイターズ,カストロ,(中),淺間,(左),大塚,(二),郡司,(三),レイエス,(指),清宮幸,(一),水野,(遊),細川,(右),進藤,(捕),細野,投手,東北楽天ゴールデンイーグルス
2026-05-05,千葉ロッテマリーンズ,藤原,(右),西川,(左),髙部,(中),ソト,(一),ポランコ,(指),友杉,(遊),寺地,(三),佐藤,(捕),小川,(二),ジャクソン,投手,オリックス・バファローズ
2026-05-05,埼玉西武ライオンズ,カナリオ,(右),西川,(中),渡部,(指),ネビン,(一),林安可,(左),平沢,(三),古賀悠,(捕),石井,(二),源田,(遊),渡邉,投手,福岡ソフトバンクホークス
2026-05-05,広島東洋カープ,秋山,(左),大盛,(中),小園,(三),坂倉,(一),菊池,(二),平川,(右),矢野,(遊),石原,(捕),床田,(投),,,横浜DeNAベイスターズ
2026-05-05,東京ヤクルトスワローズ,丸山和,(右),サンタナ,(左),古賀,(捕),内山,(二),武岡,(三),北村,(一),伊藤,(遊),吉村,(投),並木,(中),,,読売ジャイアンツ
2026-05-05,東北楽天ゴールデンイーグルス,中島,(右),辰己,(中),黒川,(二),浅村,(一),村林,(遊),平良,(三),ゴンザレス,(指),伊藤裕,(左),太田,(捕),荘司,投手,北海道日本ハムファイターズ
2026-05-05,横浜DeNAベイスターズ,蝦名,(中),度会,(左),佐野,(一),宮﨑,(三),ヒュンメル,(右),山本,(捕),林,(二),成瀬,(遊),東,(投),,,広島東洋カープ
2026-05-05,福岡ソフトバンクホークス,周東,(中),近藤,(指),牧原大,(二),栗原,(三),柳町,(右),山川,(一),笹川,(左),海野,(捕),庄子,(遊),松本晴,投手,埼玉西武ライオンズ
2026-05-05,読売ジャイアンツ,キャベッジ,(左),松本,(中),泉口,(遊),ダルベック,(三),大城,(捕),増田陸,(一),若林,(右),吉川,(二),赤星,(投),,,東京ヤクルトスワローズ
2026-05-05,阪神タイガース,髙寺,(中),中野,(二),森下,(右),佐藤,(三),大山,(一),前川,(左),梅野,(捕),小幡,(遊),早川,(投),,,中日ドラゴンズ
2026-05-06,オリックス・バファローズ,宗,(三),渡部,(中),西川,(左),シーモア,(一),森友,(指),宜保,(二),野口,(遊),麦谷,(右),若月,(捕),田嶋大,投手,千葉ロッテマリーンズ
2026-05-06,中日ドラゴンズ,大島,(中),福永,(三),村松,(遊),細川,(左),ボスラー,(一),石伊,(捕),鵜飼,(右),田中,(二),髙橋宏,(投),,,阪神タイガース
2026-05-06,北海道日本ハムファイターズ,カストロ,(二),郡司,(三),清宮幸,(一),レイエス,(指),野村,(左),矢澤,(中),万波,(右),水野,(遊),田宮,(捕),伊藤,投手,東北楽天ゴールデンイーグルス
2026-05-06,千葉ロッテマリーンズ,藤原,(右),友杉,(遊),髙部,(中),西川,(左),石川慎,(指),寺地,(三),松川,(捕),池田,(一),小川,(二),西野,投手,オリックス・バファローズ
2026-05-06,埼玉西武ライオンズ,カナリオ,(右),西川,(中),渡部,(指),ネビン,(一),岸,(左),平沢,(三),古賀悠,(捕),石井,(二),滝澤,(遊),髙橋光成,投手,福岡ソフトバンクホークス
2026-05-06,広島東洋カープ,秋山,(左),菊池,(二),小園,(三),坂倉,(一),野間,(右),平川,(中),矢野,(遊),持丸,(捕),栗林,(投),,,横浜DeNAベイスターズ
2026-05-06,東京ヤクルトスワローズ,並木,(中),サンタナ,(左),鈴木叶,(捕),内山,(二),増田,(右),武岡,(三),北村,(一),山野,(投),伊藤,(遊),,,読売ジャイアンツ
2026-05-06,東北楽天ゴールデンイーグルス,平良,(左),辰己,(中),黒川,(二),浅村,(一),村林,(遊),小郷,(右),繁永,(三),YG安田,(指),太田,(捕),前田健,投手,北海道日本ハムファイターズ
2026-05-06,横浜DeNAベイスターズ,三森,(中),蝦名,(右),佐野,(一),宮﨑,(三),山本,(捕),京田,(遊),勝又,(左),林,(二),深沢,(投),,,広島東洋カープ
2026-05-06,福岡ソフトバンクホークス,周東,(中),栗原,(三),近藤,(左),柳田,(指),山川,(一),川瀬,(遊),渡邉,(捕),笹川,(右),庄子,(二),大関,投手,埼玉西武ライオンズ
2026-05-06,読売ジャイアンツ,キャベッジ,(左),松本,(中),泉口,(遊),ダルベック,(三),大城,(捕),増田陸,(一),若林,(右),吉川,(二),竹丸,(投),,,東京ヤクルトスワローズ
2026-05-06,阪神タイガース,髙寺,(中),中野,(二),森下,(右),佐藤,(三),大山,(一),前川,(左),小幡,(遊),伏見,(捕),髙橋,(投),,,中日ドラゴンズ
2026-05-08,オリックス・バファローズ,宗,(三),渡部,(中),西川,(左),中川,(右),森友,(指),太田,(二),シーモア,(一),若月,(捕),紅林,(遊),宮國,投手,北海道日本ハムファイターズ
2026-05-08,中日ドラゴンズ,カリステ,(右),福永,(三),村松,(遊),細川,(左),ボスラー,(一),石伊,(捕),土田,(中),田中,(二),柳,(投),,,読売ジャイアンツ
2026-05-08,北海道日本ハムファイターズ,カストロ,(二),郡司,(三),清宮幸,(一),レイエス,(指),野村,(左),矢澤,(中),万波,(右),水野,(遊),田宮,(捕),達,投手,オリックス・バファローズ
2026-05-08,千葉ロッテマリーンズ,藤原,(右),小川,(二),西川,(左),ポランコ,(指),寺地,(三),上田,(一),友杉,(遊),松川,(捕),髙部,(中),廣池,投手,福岡ソフトバンクホークス
2026-05-08,埼玉西武ライオンズ,カナリオ,(右),西川,(中),渡部,(指),ネビン,(一),林安可,(左),平沢,(三),小島,(捕),石井,(二),滝澤,(遊),隅田,投手,東北楽天ゴールデンイーグルス
2026-05-08,広島東洋カープ,秋山,(左),菊池,(二),小園,(三),坂倉,(一),野間,(右),平川,(中),矢野,(遊),持丸,(捕),森下,(投),,,東京ヤクルトスワローズ
2026-05-08,東京ヤクルトスワローズ,並木,(中),サンタナ,(左),古賀,(捕),内山,(二),武岡,(遊),増田,(右),澤井,(一),高梨,(投),田中,(三),,,広島東洋カープ
2026-05-08,東北楽天ゴールデンイーグルス,平良,(三),辰己,(中),黒川,(二),浅村,(一),村林,(遊),佐藤,(右),小郷,(指),太田,(捕),中島,(左),ウレーニャ,投手,埼玉西武ライオンズ
2026-05-08,横浜DeNAベイスターズ,蝦名,(中),度会,(左),佐野,(一),宮﨑,(三),山本,(捕),京田,(遊),勝又,(右),林,(二),平良,(投),,,阪神タイガース
2026-05-08,福岡ソフトバンクホークス,周東,(中),近藤,(左),柳田,(指),栗原,(三),柳町,(右),山川,(一),今宮,(遊),海野,(捕),庄子,(二),上沢,投手,千葉ロッテマリーンズ
2026-05-08,読売ジャイアンツ,キャベッジ,(左),佐々木,(中),泉口,(遊),ダルベック,(三),大城,(捕),増田陸,(一),中山,(右),吉川,(二),ウィットリー,(投),,,中日ドラゴンズ
2026-05-08,阪神タイガース,髙寺,(中),中野,(二),森下,(右),佐藤,(三),大山,(一),福島,(左),小幡,(遊),伏見,(捕),村上,(投),,,横浜DeNAベイスターズ
2026-05-09,オリックス・バファローズ,宗,(三),宜保,(二),西川,(左),シーモア,(一),森友,(指),来田,(右),野口,(遊),若月,(捕),渡部,(中),曽谷,投手,北海道日本ハムファイターズ
2026-05-09,中日ドラゴンズ,カリステ,(右),福永,(三),村松,(遊),細川,(左),ボスラー,(一),石伊,(捕),土田,(中),田中,(二),大野,(投),,,読売ジャイアンツ
2026-05-09,北海道日本ハムファイターズ,カストロ,(二),郡司,(三),清宮幸,(一),レイエス,(指),野村,(左),矢澤,(中),万波,(右),水野,(遊),田宮,(捕),加藤貴,投手,オリックス・バファローズ
2026-05-09,千葉ロッテマリーンズ,藤原,(右),小川,(二),西川,(左),ポランコ,(指),寺地,(三),上田,(一),友杉,(遊),佐藤,(捕),髙部,(中),田中,投手,福岡ソフトバンクホークス
2026-05-09,埼玉西武ライオンズ,カナリオ,(右),西川,(中),渡部,(指),ネビン,(一),長谷川,(左),平沢,(三),柘植,(捕),石井,(二),源田,(遊),佐藤爽,投手,東北楽天ゴールデンイーグルス
2026-05-09,広島東洋カープ,秋山,(左),野間,(右),小園,(三),坂倉,(一),菊池,(二),平川,(中),持丸,(捕),矢野,(遊),岡本,(投),,,東京ヤクルトスワローズ
2026-05-09,東京ヤクルトスワローズ,丸山和,(右),サンタナ,(左),古賀,(捕),内山,(二),武岡,(三),石井,(遊),澤井,(一),松本健,(投),並木,(中),,,広島東洋カープ
2026-05-09,東北楽天ゴールデンイーグルス,佐藤,(左),辰己,(中),黒川,(一),浅村,(指),村林,(遊),小郷,(右),平良,(三),太田,(捕),小深田,(二),古謝,投手,埼玉西武ライオンズ
2026-05-09,横浜DeNAベイスターズ,蝦名,(中),度会,(三),ヒュンメル,(右),佐野,(一),松尾,(捕),勝又,(左),林,(二),成瀬,(遊),篠木,(投),,,阪神タイガース
2026-05-09,福岡ソフトバンクホークス,周東,(中),近藤,(左),柳田,(指),栗原,(三),柳町,(右),山川,(一),牧原大,(二),海野,(捕),野村,(遊),大津,投手,千葉ロッテマリーンズ
2026-05-09,読売ジャイアンツ,キャベッジ,(左),佐々木,(中),泉口,(遊),ダルベック,(三),増田陸,(一),岸田,(捕),吉川,(二),平山,(右),田中将,(投),,,中日ドラゴンズ
2026-05-09,阪神タイガース,髙寺,(中),中野,(二),森下,(右),佐藤,(三),前川,(左),木浪,(一),坂本,(捕),小幡,(遊),大竹,(投),,,横浜DeNAベイスターズ
2026-05-10,オリックス・バファローズ,西川,(指),渡部,(中),森友,(捕),太田,(一),西野,(三),中川,(左),来田,(右),野口,(二),紅林,(遊),エスピノーザ,投手,北海道日本ハムファイターズ
2026-05-10,中日ドラゴンズ,カリステ,(右),福永,(三),村松,(遊),細川,(左),阿部,(一),石伊,(捕),鵜飼,(中),田中,(二),櫻井,(投),,,読売ジャイアンツ
2026-05-10,北海道日本ハムファイターズ,カストロ,(二),郡司,(三),清宮幸,(一),レイエス,(指),野村,(左),矢澤,(中),万波,(右),水野,(遊),田宮,(捕),北山,投手,オリックス・バファローズ
2026-05-10,千葉ロッテマリーンズ,藤原,(右),小川,(二),寺地,(三),西川,(左),上田,(一),友杉,(遊),松川,(捕),井上,(指),髙部,(中),毛利,投手,福岡ソフトバンクホークス
2026-05-10,埼玉西武ライオンズ,長谷川,(右),西川,(中),渡部,(指),ネビン,(一),林安可,(左),平沢,(三),小島,(捕),石井,(二),滝澤,(遊),菅井,投手,東北楽天ゴールデンイーグルス
2026-05-10,広島東洋カープ,秋山,(左),菊池,(二),小園,(遊),坂倉,(三),モンテロ,(一),大盛,(中),持丸,(捕),二俣,(右),赤木,(投),,,東京ヤクルトスワローズ
2026-05-10,東京ヤクルトスワローズ,並木,(中),サンタナ,(左),鈴木叶,(捕),内山,(二),武岡,(三),増田,(右),澤井,(一),石原,(投),石井,(遊),,,広島東洋カープ
2026-05-10,東北楽天ゴールデンイーグルス,佐藤,(右),辰己,(中),村林,(遊),浅村,(指),黒川,(一),渡邊佳,(左),平良,(三),繁永,(二),伊藤光,(捕),瀧中,投手,埼玉西武ライオンズ
2026-05-10,横浜DeNAベイスターズ,三森,(中),度会,(左),佐野,(一),宮﨑,(三),山本,(捕),京田,(遊),勝又,(右),林,(二),石田裕,(投),,,阪神タイガース
2026-05-10,福岡ソフトバンクホークス,周東,(中),近藤,(左),柳田,(指),栗原,(三),山川,(一),今宮,(遊),牧原大,(右),渡邉,(捕),庄子,(二),前田悠,投手,千葉ロッテマリーンズ
2026-05-10,読売ジャイアンツ,吉川,(二),キャベッジ,(左),丸,(右),ダルベック,(三),大城,(捕),増田陸,(一),平山,(中),浦田,(遊),森田,(投),,,中日ドラゴンズ
2026-05-10,阪神タイガース,髙寺,(中),中野,(二),森下,(右),佐藤,(三),前川,(左),木浪,(一),梅野,(捕),小幡,(遊),才木,(投),,,横浜DeNAベイスターズ
2026-05-12,オリックス・バファローズ,渡部,(中),森友,(指),西川,(左),中川,(右),太田,(二),シーモア,(一),紅林,(遊),野口,(三),若月,(捕),九里,投手,東北楽天ゴールデンイーグルス
2026-05-12,中日ドラゴンズ,カリステ,(右),田中,(二),村松,(遊),細川,(左),阿部,(一),石伊,(捕),大島,(中),山本,(三),金丸,(投),,,横浜DeNAベイスターズ
2026-05-12,北海道日本ハムファイターズ,カストロ,(二),矢澤,(中),清宮幸,(一),レイエス,(指),野村,(左),郡司,(三),万波,(右),水野,(遊),田宮,(捕),伊藤,投手,千葉ロッテマリーンズ
2026-05-12,千葉ロッテマリーンズ,髙部,(中),小川,(二),西川,(右),ポランコ,(指),佐藤,(捕),山口,(左),寺地,(三),上田,(一),友杉,(遊),ジャクソン,投手,北海道日本ハムファイターズ
2026-05-12,埼玉西武ライオンズ,カナリオ,(右),西川,(中),渡部,(指),ネビン,(一),長谷川,(左),平沢,(三),柘植,(捕),石井,(二),滝澤,(遊),渡邉,投手,福岡ソフトバンクホークス
2026-05-12,広島東洋カープ,大盛,(中),菊池,(二),小園,(遊),坂倉,(三),モンテロ,(一),持丸,(捕),二俣,(右),田村,(左),床田,(投),,,読売ジャイアンツ
2026-05-12,東京ヤクルトスワローズ,丸山和,(中),サンタナ,(左),古賀,(捕),内山,(二),武岡,(三),オスナ,(一),澤井,(右),伊藤,(遊),吉村,(投),,,阪神タイガース
2026-05-12,東北楽天ゴールデンイーグルス,佐藤,(右),辰己,(中),村林,(遊),浅村,(一),渡邊佳,(左),黒川,(二),平良,(三),YG安田,(指),太田,(捕),荘司,投手,オリックス・バファローズ
2026-05-12,横浜DeNAベイスターズ,三森,(二),佐野,(左),筒香,(一),宮﨑,(三),度会,(右),蝦名,(中),成瀬,(遊),松尾,(捕),東,(投),,,中日ドラゴンズ
2026-05-12,福岡ソフトバンクホークス,周東,(中),近藤,(左),柳田,(指),栗原,(三),山川,(一),山本,(右),牧原大,(二),海野,(捕),庄子,(遊),松本晴,投手,埼玉西武ライオンズ
2026-05-12,読売ジャイアンツ,平山,(右),浦田,(遊),吉川,(二),ダルベック,(三),大城,(捕),キャベッジ,(左),増田陸,(一),佐々木,(中),戸郷,(投),,,広島東洋カープ
2026-05-12,阪神タイガース,髙寺,(中),森下,(右),佐藤,(三),大山,(一),中野,(二),福島,(左),伏見,(捕),小幡,(遊),西勇,(投),,,東京ヤクルトスワローズ
2026-05-13,中日ドラゴンズ,鵜飼,(中),高橋周,(三),村松,(遊),細川,(左),ボスラー,(右),石伊,(捕),石川昂,(一),土田,(二),中西,(投),,,横浜DeNAベイスターズ
2026-05-13,北海道日本ハムファイターズ,カストロ,(中),奈良間,(二),清宮幸,(一),レイエス,(指),野村,(左),大塚,(三),万波,(右),水野,(遊),進藤,(捕),福島,投手,千葉ロッテマリーンズ
2026-05-13,千葉ロッテマリーンズ,小川,(二),友杉,(遊),西川,(右),ポランコ,(指),佐藤,(捕),上田,(一),山口,(左),寺地,(三),髙部,(中),小島,投手,北海道日本ハムファイターズ
2026-05-13,埼玉西武ライオンズ,カナリオ,(右),西川,(中),渡部,(指),ネビン,(一),林安可,(左),平沢,(三),古賀悠,(捕),石井,(二),滝澤,(遊),髙橋光成,投手,福岡ソフトバンクホークス
2026-05-13,広島東洋カープ,大盛,(中),菊池,(二),小園,(遊),坂倉,(三),モンテロ,(一),持丸,(捕),二俣,(右),田村,(左),玉村,(投),,,読売ジャイアンツ
2026-05-13,東京ヤクルトスワローズ,丸山和,(中),サンタナ,(左),増田,(右),内山,(二),オスナ,(一),武岡,(三),石井,(遊),山野,(投),鈴木叶,(捕),,,阪神タイガース
2026-05-13,横浜DeNAベイスターズ,蝦名,(中),度会,(左),筒香,(三),佐野,(一),勝又,(右),京田,(遊),林,(二),松尾,(捕),島田,(投),,,中日ドラゴンズ
2026-05-13,福岡ソフトバンクホークス,周東,(中),庄子,(遊),栗原,(三),近藤,(左),中村晃,(一),山本祐,(捕),山川,(指),笹川,(右),川瀬,(二),藤原,投手,埼玉西武ライオンズ
2026-05-13,読売ジャイアンツ,浦田,(二),佐々木,(中),泉口,(遊),ダルベック,(三),大城,(捕),キャベッジ,(左),増田陸,(一),中山,(右),則本,(投),,,広島東洋カープ
2026-05-13,阪神タイガース,髙寺,(中),森下,(右),佐藤,(三),大山,(一),中野,(二),小野寺,(左),伏見,(捕),小幡,(遊),髙橋,(投),,,東京ヤクルトスワローズ
2026-05-14,オリックス・バファローズ,宗,(三),渡部,(中),西川,(指),太田,(二),森友,(捕),来田,(左),シーモア,(一),麦谷,(右),野口,(遊),ジェリー,投手,東北楽天ゴールデンイーグルス
2026-05-14,中日ドラゴンズ,カリステ,(右),山本,(二),村松,(遊),細川,(左),ボスラー,(一),石川昂,(三),土田,(中),加藤,(捕),マラー,(投),,,横浜DeNAベイスターズ
2026-05-14,北海道日本ハムファイターズ,カストロ,(二),淺間,(右),清宮幸,(一),レイエス,(指),野村,(左),水野,(遊),矢澤,(中),進藤,(捕),細川,(三),細野,投手,千葉ロッテマリーンズ
2026-05-14,千葉ロッテマリーンズ,髙部,(中),小川,(二),西川,(右),山口,(一),佐藤,(捕),井上,(指),岡,(左),寺地,(三),友杉,(遊),西野,投手,北海道日本ハムファイターズ
2026-05-14,東北楽天ゴールデンイーグルス,佐藤,(右),黒川,(二),辰己,(中),浅村,(一),渡邊佳,(三),太田,(捕),YG安田,(指),村林,(遊),中島,(左),ウレーニャ,投手,オリックス・バファローズ
2026-05-14,横浜DeNAベイスターズ,蝦名,(中),ヒュンメル,(右),筒香,(一),宮﨑,(三),佐野,(左),成瀬,(遊),林,(二),松尾,(捕),入江,(投),,,中日ドラゴンズ
2026-05-15,オリックス・バファローズ,中川,(中),宜保,(二),西川,(左),太田,(一),森友,(指),来田,(右),紅林,(遊),若月,(捕),宗,(三),髙島,投手,千葉ロッテマリーンズ
2026-05-15,中日ドラゴンズ,大島,(中),田中,(二),村松,(遊),細川,(左),ボスラー,(一),高橋周,(三),板山,(右),木下,(捕),柳,(投),,,東京ヤクルトスワローズ
2026-05-15,北海道日本ハムファイターズ,水野,(遊),淺間,(中),清宮幸,(一),レイエス,(指),野村,(二),郡司,(三),万波,(右),田宮,(捕),カストロ,(左),達,投手,埼玉西武ライオンズ
2026-05-15,千葉ロッテマリーンズ,髙部,(中),小川,(二),西川,(右),ポランコ,(指),佐藤,(捕),上田,(一),山口,(左),寺地,(三),友杉,(遊),ロング,投手,オリックス・バファローズ
2026-05-15,埼玉西武ライオンズ,カナリオ,(右),西川,(中),渡部,(指),ネビン,(一),岸,(左),平沢,(三),小島,(捕),石井,(二),滝澤,(遊),平良,投手,北海道日本ハムファイターズ
2026-05-15,広島東洋カープ,大盛,(中),辰見,(左),小園,(遊),坂倉,(三),モンテロ,(一),持丸,(捕),二俣,(右),勝田,(二),栗林,(投),,,阪神タイガース
2026-05-15,東京ヤクルトスワローズ,丸山和,(右),サンタナ,(左),長岡,(遊),内山,(二),武岡,(三),オスナ,(一),古賀,(捕),高梨,(投),岩田,(中),,,中日ドラゴンズ
2026-05-15,東北楽天ゴールデンイーグルス,佐藤,(右),黒川,(二),辰己,(中),浅村,(一),渡邊佳,(三),ボイト,(指),太田,(捕),村林,(遊),中島,(左),早川,投手,福岡ソフトバンクホークス
2026-05-15,横浜DeNAベイスターズ,三森,(二),度会,(左),筒香,(三),佐野,(一),勝又,(右),神里,(中),柴田,(遊),戸柱,(捕),平良,(投),,,読売ジャイアンツ
2026-05-15,福岡ソフトバンクホークス,周東,(中),牧原大,(二),近藤,(左),栗原,(三),柳田,(指),正木,(右),山川,(一),海野,(捕),庄子,(遊),上沢,投手,東北楽天ゴールデンイーグルス
2026-05-15,読売ジャイアンツ,丸,(右),吉川,(二),泉口,(遊),ダルベック,(一),大城,(捕),キャベッジ,(左),佐々木,(中),浦田,(三),井上,(投),,,横浜DeNAベイスターズ
2026-05-15,阪神タイガース,髙寺,(中),森下,(右),佐藤,(三),大山,(一),中野,(二),福島,(左),坂本,(捕),小幡,(遊),大竹,(投),,,広島東洋カープ
2026-05-16,オリックス・バファローズ,中川,(右),渡部,(中),西川,(左),シーモア,(一),太田,(二),森友,(指),紅林,(遊),宗,(三),若月,(捕),田嶋大,投手,千葉ロッテマリーンズ
2026-05-16,中日ドラゴンズ,鵜飼,(中),板山,(右),村松,(遊),細川,(左),石伊,(捕),ボスラー,(一),石川昂,(三),田中,(二),大野,(投),,,東京ヤクルトスワローズ
2026-05-16,北海道日本ハムファイターズ,水野,(遊),カストロ,(二),万波,(右),レイエス,(指),野村,(左),清宮幸,(一),郡司,(三),田宮,(捕),五十幡,(中),加藤貴,投手,埼玉西武ライオンズ
2026-05-16,千葉ロッテマリーンズ,髙部,(中),小川,(二),西川,(右),山口,(指),佐藤,(捕),池田,(一),井上,(左),寺地,(三),友杉,(遊),田中,投手,オリックス・バファローズ
2026-05-16,埼玉西武ライオンズ,カナリオ,(右),西川,(中),渡部,(指),ネビン,(一),林安可,(左),平沢,(三),柘植,(捕),石井,(二),滝澤,(遊),佐藤爽,投手,北海道日本ハムファイターズ
2026-05-16,広島東洋カープ,大盛,(中),野間,(右),小園,(遊),坂倉,(三),モンテロ,(一),持丸,(捕),田村,(左),勝田,(二),森下,(投),,,阪神タイガース
2026-05-16,東京ヤクルトスワローズ,並木,(中),サンタナ,(左),増田,(右),内山,(二),オスナ,(一),石井,(三),伊藤,(遊),奥川,(投),鈴木叶,(捕),,,中日ドラゴンズ
2026-05-16,東北楽天ゴールデンイーグルス,平良,(三),黒川,(二),辰己,(中),浅村,(一),渡邊佳,(左),ボイト,(指),太田,(捕),村林,(遊),小郷,(右),古謝,投手,福岡ソフトバンクホークス
2026-05-16,横浜DeNAベイスターズ,三森,(二),度会,(右),筒香,(一),宮﨑,(三),佐野,(左),蝦名,(中),京田,(遊),松尾,(捕),篠木,(投),,,読売ジャイアンツ
2026-05-16,福岡ソフトバンクホークス,正木,(右),牧原大,(二),近藤,(左),栗原,(三),柳田,(指),山川,(一),山本祐,(捕),周東,(中),庄子,(遊),スチュワート・ジュニア,投手,東北楽天ゴールデンイーグルス
2026-05-16,読売ジャイアンツ,平山,(右),泉口,(遊),吉川,(二),ダルベック,(一),大城,(捕),キャベッジ,(左),佐々木,(中),浦田,(三),ウィットリー,(投),,,横浜DeNAベイスターズ
2026-05-16,阪神タイガース,髙寺,(中),中野,(二),森下,(右),佐藤,(三),大山,(一),福島,(左),坂本,(捕),小幡,(遊),村上,(投),,,広島東洋カープ
2026-05-17,オリックス・バファローズ,中川,(中),西川,(左),来田,(右),太田,(二),森友,(指),紅林,(遊),宗,(三),若月,(捕),平沼,(一),曽谷,投手,千葉ロッテマリーンズ
2026-05-17,中日ドラゴンズ,鵜飼,(中),板山,(右),村松,(遊),細川,(左),石伊,(捕),ボスラー,(一),石川昂,(三),田中,(二),髙橋宏,(投),,,東京ヤクルトスワローズ
2026-05-17,北海道日本ハムファイターズ,水野,(遊),上川畑,(二),万波,(右),レイエス,(指),清宮幸,(一),野村,(左),大塚,(三),進藤,(捕),五十幡,(中),北山,投手,埼玉西武ライオンズ
2026-05-17,千葉ロッテマリーンズ,髙部,(中),小川,(二),西川,(右),山口,(左),佐藤,(捕),池田,(一),ソト,(指),寺地,(三),友杉,(遊),廣池,投手,オリックス・バファローズ
2026-05-17,埼玉西武ライオンズ,カナリオ,(右),西川,(中),渡部,(指),ネビン,(一),長谷川,(左),平沢,(三),古賀悠,(捕),源田,(遊),滝澤,(二),ワイナンス,投手,北海道日本ハムファイターズ
2026-05-17,広島東洋カープ,大盛,(中),菊池,(二),小園,(遊),坂倉,(三),モンテロ,(一),野間,(左),持丸,(捕),二俣,(右),岡本,(投),,,阪神タイガース
2026-05-17,東京ヤクルトスワローズ,長岡,(遊),丸山和,(右),内山,(二),増田,(左),岩田,(中),武岡,(三),古賀,(捕),澤井,(一),松本健,(投),,,中日ドラゴンズ
2026-05-17,東北楽天ゴールデンイーグルス,佐藤,(右),黒川,(二),辰己,(中),浅村,(指),渡邊佳,(一),太田,(捕),平良,(三),村林,(遊),中島,(左),藤井,投手,福岡ソフトバンクホークス
2026-05-17,横浜DeNAベイスターズ,蝦名,(中),度会,(左),筒香,(一),宮﨑,(三),ヒュンメル,(右),宮下,(遊),成瀬,(二),松尾,(捕),石田裕,(投),,,読売ジャイアンツ
2026-05-17,福岡ソフトバンクホークス,正木,(一),牧原大,(二),柳田,(左),栗原,(三),山川,(指),山本恵,(右),山本祐,(捕),周東,(中),庄子,(遊),前田悠,投手,東北楽天ゴールデンイーグルス
2026-05-17,読売ジャイアンツ,平山,(右),キャベッジ,(左),泉口,(遊),ダルベック,(一),岸田,(捕),佐々木,(中),坂本勇,(三),浦田,(二),竹丸,(投),,,横浜DeNAベイスターズ
2026-05-17,阪神タイガース,髙寺,(中),中野,(二),森下,(右),佐藤,(三),大山,(一),木浪,(遊),梅野,(捕),福島,(左),才木,(投),,,広島東洋カープ