所属正式名,選手名,主ポジション,試合,打席,打数,打率,得点,打点,安打,二塁打,三塁打,本塁打,盗塁,四球,三振,犠打,犠飛,出塁率,長打率,OPS
読売ジャイアンツ,バルドナード,投手,98,0,0,0,0,0,0,0,0,0,0,0,0,0,0,0,0,0
読売ジャイアンツ,ルシアーノ,投手,11,0,0,0,0,0,0,0,0,0,0,0,0,0,0,0,0,0
読売ジャイアンツ,マルティネス,投手,361,9,9,0.111,0,0,1,0,0,0,0,0,5,0,0,0.111,0.111,0.222
読売ジャイアンツ,ハワード,投手,9,3,3,0,0,0,0,0,0,0,0,0,2,0,0,0,0,0
読売ジャイアンツ,キャベッジ,外野手,123,476,431,0.267,50,51,115,26,1,17,5,37,144,1,2,0.331,0.45,0.781
読売ジャイアンツ,リチャード,内野手,177,558,514,0.183,38,66,94,18,0,21,1,28,206,0,5,0.238,0.34,0.579
読売ジャイアンツ,井上 温大,投手,56,76,66,0.136,4,3,9,0,0,0,0,1,31,9,0,0.149,0.136,0.286
読売ジャイアンツ,宇都宮 葵星,内野手,6,2,2,0.5,2,0,1,0,0,0,0,0,0,0,0,0.5,0.5,1
読売ジャイアンツ,浦田 俊輔,内野手,22,60,53,0.208,4,4,11,2,0,0,0,3,7,3,0,0.263,0.245,0.508
読売ジャイアンツ,横川 凱,投手,62,54,42,0.143,1,2,6,0,0,0,0,0,16,12,0,0.143,0.143,0.286
読売ジャイアンツ,岡田 悠希,外野手,74,102,94,0.149,7,4,14,2,0,1,0,7,33,1,0,0.208,0.202,0.41
読売ジャイアンツ,丸 佳浩,外野手,1962,8184,6965,0.277,1068,944,1929,353,37,289,188,1107,1508,32,45,0.377,0.463,0.839
読売ジャイアンツ,岸田 行倫,捕手,311,786,710,0.262,56,76,186,24,2,15,2,48,131,17,4,0.313,0.365,0.678
読売ジャイアンツ,喜多 隆介,捕手,15,10,10,0.1,3,2,1,0,0,0,0,0,1,0,0,0.1,0.1,0.2
読売ジャイアンツ,吉川 尚輝,内野手,842,3233,2913,0.274,350,234,798,125,23,39,71,209,418,57,17,0.329,0.373,0.702
読売ジャイアンツ,宮原 駿介,投手,15,0,0,0,0,0,0,0,0,0,0,0,0,0,0,0,0,0
読売ジャイアンツ,京本 眞,投手,4,0,0,0,0,0,0,0,0,0,0,0,0,0,0,0,0,0
読売ジャイアンツ,郡 拓也,捕手,86,173,157,0.159,10,10,25,5,0,2,3,11,45,3,0,0.224,0.229,0.453
読売ジャイアンツ,戸郷 翔征,投手,143,295,244,0.082,7,11,20,1,0,0,0,6,128,44,1,0.104,0.086,0.19
読売ジャイアンツ,甲斐 拓也,捕手,1091,3387,2854,0.226,297,310,645,121,6,66,30,313,836,188,15,0.305,0.342,0.647
読売ジャイアンツ,荒巻 悠,内野手,31,61,54,0.296,1,1,16,1,0,1,0,7,13,0,0,0.377,0.37,0.747
読売ジャイアンツ,高梨 雄平,投手,449,2,2,0,0,0,0,0,0,0,0,0,2,0,0,0,0,0
読売ジャイアンツ,佐々木 俊輔,外野手,112,317,284,0.239,27,16,68,9,2,0,3,19,78,13,1,0.286,0.285,0.571
読売ジャイアンツ,坂本 勇人,内野手,2272,9626,8532,0.287,1222,1060,2447,469,22,298,163,908,1511,87,61,0.356,0.452,0.807
読売ジャイアンツ,笹原 操希,外野手,13,22,20,0.1,1,0,2,0,0,0,0,2,7,0,0,0.182,0.1,0.282
読売ジャイアンツ,三塚 琉生,外野手,6,12,12,0,0,0,0,0,0,0,0,0,8,0,0,0,0,0
読売ジャイアンツ,山瀬 慎之助,捕手,5,13,13,0.231,1,2,3,1,0,1,0,0,6,0,0,0.231,0.538,0.769
読売ジャイアンツ,山田 龍聖,投手,2,0,0,0,0,0,0,0,0,0,0,0,0,0,0,0,0,0
読売ジャイアンツ,若林 楽人,外野手,240,701,641,0.232,62,48,149,24,5,10,39,33,168,12,2,0.283,0.332,0.615
読売ジャイアンツ,小林 誠司,捕手,822,2124,1856,0.204,138,151,378,62,2,16,9,148,385,88,6,0.271,0.265,0.536
読売ジャイアンツ,松浦 慶斗,投手,6,0,0,0,0,0,0,0,0,0,0,0,0,0,0,0,0,0
読売ジャイアンツ,松本 剛,外野手,773,2574,2297,0.265,257,157,608,89,9,14,71,154,296,80,14,0.317,0.33,0.647
読売ジャイアンツ,森田 駿哉,投手,9,12,9,0.111,0,0,1,0,0,0,0,1,5,2,0,0.2,0.111,0.311
読売ジャイアンツ,西舘 勇陽,投手,43,12,9,0,0,0,0,0,0,0,0,0,4,3,0,0,0,0
読売ジャイアンツ,石川 達也,投手,87,9,9,0.222,0,1,2,0,0,0,0,0,4,0,0,0.222,0.222,0.444
読売ジャイアンツ,石塚 裕惺,内野手,9,9,9,0.111,0,0,1,0,0,0,0,0,5,0,0,0.111,0.111,0.222
読売ジャイアンツ,赤星 優志,投手,86,95,77,0.13,1,3,10,1,0,0,0,5,36,13,0,0.183,0.143,0.326
読売ジャイアンツ,川原田 純平,内野手,3,2,2,0,0,0,0,0,0,0,0,0,1,0,0,0,0,0
読売ジャイアンツ,泉 圭輔,投手,2,0,0,0,0,0,0,0,0,0,0,0,0,0,0,0,0,0
読売ジャイアンツ,泉口 友汰,内野手,199,758,676,0.277,77,48,187,29,4,7,5,65,84,10,3,0.342,0.362,0.705
読売ジャイアンツ,浅野 翔吾,外野手,93,282,261,0.226,26,28,59,16,2,6,2,12,58,3,2,0.269,0.372,0.64
読売ジャイアンツ,船迫 大雅,投手,144,1,0,0,0,1,0,0,0,0,0,0,0,0,1,0,0,0
読売ジャイアンツ,増田 大輝,内野手,389,229,191,0.204,90,15,39,9,3,1,68,22,50,16,0,0.286,0.298,0.585
読売ジャイアンツ,増田 陸,内野手,30,93,90,0.278,3,10,25,5,0,2,1,1,20,0,1,0.29,0.4,0.69
読売ジャイアンツ,則本 昂大,投手,373,37,33,0,0,0,0,0,0,0,0,3,26,1,0,0.083,0,0.083
読売ジャイアンツ,代木 大和,投手,13,2,2,0.5,1,0,1,0,0,0,0,0,1,0,0,0.5,0.5,1
読売ジャイアンツ,大城 卓三,捕手,811,2528,2244,0.259,203,260,581,101,4,65,2,212,563,41,14,0.326,0.394,0.72
読売ジャイアンツ,大勢,投手,189,0,0,0,0,0,0,0,0,0,0,0,0,0,0,0,0,0
読売ジャイアンツ,中山 礼都,外野手,263,649,600,0.248,54,40,149,22,1,7,9,37,111,9,0,0.295,0.323,0.619
読売ジャイアンツ,中川 皓太,投手,334,3,3,0,0,0,0,0,0,0,0,0,2,0,0,0,0,0
読売ジャイアンツ,田中 瑛斗,投手,72,0,0,0,0,0,0,0,0,0,0,0,0,0,0,0,0,0
読売ジャイアンツ,田中 将大,投手,264,77,68,0.088,1,4,6,2,0,0,0,0,33,8,1,0.087,0.118,0.205
読売ジャイアンツ,湯浅 大,内野手,136,68,59,0.153,24,5,9,2,0,1,6,5,17,4,0,0.219,0.237,0.456
読売ジャイアンツ,萩尾 匡也,外野手,76,204,188,0.197,13,12,37,8,2,2,1,12,56,2,1,0.248,0.293,0.54
読売ジャイアンツ,板東 湧梧,投手,114,2,2,0,0,0,0,0,0,0,0,0,2,0,0,0,0,0
読売ジャイアンツ,平内 龍太,投手,110,4,3,0,0,0,0,0,0,0,0,0,1,1,0,0,0,0
読売ジャイアンツ,北浦 竜次,投手,11,0,0,0,0,0,0,0,0,0,0,0,0,0,0,0,0,0
読売ジャイアンツ,堀田 賢慎,投手,36,27,23,0.217,2,0,5,0,0,0,0,2,10,2,0,0.28,0.217,0.497
読売ジャイアンツ,又木 鉄平,投手,8,3,3,0,0,0,0,0,0,0,0,0,2,0,0,0,0,0
読売ジャイアンツ,門脇 誠,内野手,358,947,841,0.245,79,46,206,28,3,3,26,65,153,38,0,0.301,0.296,0.598
読売ジャイアンツ,鈴木 大和,外野手,4,0,0,0,1,0,0,0,0,0,0,0,0,0,0,0,0,0
阪神タイガース,モレッタ,投手,14,0,0,0,0,0,0,0,0,0,0,0,0,0,0,0,0,0
阪神タイガース,ドリス,投手,13,0,0,0,0,0,0,0,0,0,0,0,0,0,0,0,0,0
阪神タイガース,伊原 陵人,投手,28,27,25,0.16,0,0,4,0,0,0,0,0,5,2,0,0.16,0.16,0.32
阪神タイガース,伊藤 将司,投手,96,195,160,0.087,6,8,14,1,0,0,0,7,95,28,0,0.126,0.094,0.219
阪神タイガース,井坪 陽生,外野手,6,18,18,0.167,1,0,3,0,0,0,0,0,4,0,0,0.167,0.167,0.333
阪神タイガース,茨木 秀俊,投手,2,0,0,0,0,0,0,0,0,0,0,0,0,0,0,0,0,0
阪神タイガース,岡留 英貴,投手,53,0,0,0,0,0,0,0,0,0,0,0,0,0,0,0,0,0
阪神タイガース,岩崎 優,投手,556,83,75,0.107,1,1,8,1,0,0,0,1,34,6,0,0.13,0.12,0.25
阪神タイガース,岩貞 祐太,投手,303,162,139,0.05,2,1,7,0,0,0,0,5,83,18,0,0.083,0.05,0.134
阪神タイガース,及川 雅貴,投手,148,8,7,0.429,0,1,3,0,0,0,0,0,1,1,0,0.429,0.429,0.857
阪神タイガース,桐敷 拓馬,投手,14,0,0,0,0,0,0,0,0,0,0,0,0,0,0,0,0,0
阪神タイガース,近本 光司,外野手,944,4213,3790,0.288,554,304,1093,155,41,48,200,330,544,31,19,0.351,0.389,0.739
阪神タイガース,熊谷 敬宥,内野手,336,281,249,0.213,68,26,53,4,3,1,30,10,56,20,1,0.245,0.265,0.51
阪神タイガース,元山 飛優,内野手,214,479,436,0.202,30,34,88,15,3,5,2,20,96,16,2,0.244,0.284,0.528
阪神タイガース,工藤 泰成,投手,18,0,0,0,0,0,0,0,0,0,0,0,0,0,0,0,0,0
阪神タイガース,佐藤 輝明,内野手,660,2699,2440,0.263,337,412,642,145,22,124,34,223,745,0,20,0.326,0.493,0.819
阪神タイガース,才木 浩人,投手,104,191,159,0.057,3,3,9,1,0,0,0,9,103,22,0,0.112,0.063,0.175
阪神タイガース,坂本 誠志郎,捕手,537,1562,1318,0.222,79,108,293,46,5,8,5,143,337,73,10,0.305,0.283,0.588
阪神タイガース,糸原 健斗,内野手,891,2915,2540,0.268,269,208,680,99,14,12,23,293,363,35,17,0.348,0.332,0.68
阪神タイガース,小川 一平,投手,46,6,4,0,0,0,0,0,0,0,0,0,3,2,0,0,0,0
阪神タイガース,小幡 竜平,内野手,332,755,678,0.23,74,46,156,15,5,7,17,47,179,24,4,0.28,0.298,0.578
阪神タイガース,小野寺 暖,外野手,153,260,242,0.227,24,20,55,6,4,2,0,14,62,2,0,0.275,0.31,0.585
阪神タイガース,植田 海,内野手,5,2,0,0,1,1,0,0,0,0,1,2,0,0,0,1,0,1
阪神タイガース,森下 翔太,外野手,366,1523,1340,0.266,188,203,356,62,8,49,6,136,234,0,12,0.346,0.434,0.78
阪神タイガース,西 純矢,外野手,37,52,49,0.224,3,9,11,2,0,1,0,1,17,2,0,0.24,0.327,0.567
阪神タイガース,西 勇輝,投手,343,314,263,0.118,13,16,31,8,0,1,0,8,107,43,0,0.144,0.16,0.304
阪神タイガース,石井 大智,投手,189,2,2,0,0,0,0,0,0,0,0,0,0,0,0,0,0,0
阪神タイガース,石黒 佑弥,投手,6,1,1,0,0,0,0,0,0,0,0,0,0,0,0,0,0,0
阪神タイガース,前川 右京,外野手,218,678,613,0.259,42,64,159,29,3,5,0,44,105,0,1,0.329,0.341,0.67
阪神タイガース,早川 太貴,投手,3,4,3,0,0,0,0,0,0,0,0,0,0,1,0,0,0,0
阪神タイガース,村上 頌樹,投手,82,174,154,0.11,3,3,17,0,0,0,0,5,87,15,0,0.138,0.11,0.249
阪神タイガース,大山 悠輔,内野手,1118,4436,3910,0.268,495,626,1047,196,16,150,22,445,785,5,35,0.346,0.441,0.787
阪神タイガース,大竹 耕太郎,投手,96,137,120,0.142,5,8,17,2,0,0,0,3,65,14,0,0.163,0.158,0.321
阪神タイガース,中川 勇斗,捕手,25,59,56,0.268,3,2,15,1,0,2,0,2,16,1,0,0.293,0.393,0.686
阪神タイガース,中野 拓夢,内野手,699,3054,2688,0.27,322,163,725,86,17,10,98,194,451,139,14,0.322,0.326,0.647
阪神タイガース,長坂 拳弥,捕手,61,78,67,0.194,5,4,13,2,1,2,1,0,25,11,0,0.194,0.343,0.537
阪神タイガース,津田 淳哉,投手,1,0,0,0,0,0,0,0,0,0,0,0,0,0,0,0,0,0
阪神タイガース,椎葉 剛,投手,3,0,0,0,0,0,0,0,0,0,0,0,0,0,0,0,0,0
阪神タイガース,島田 海吏,外野手,433,730,658,0.231,76,36,152,14,4,1,45,42,124,21,1,0.285,0.269,0.554
阪神タイガース,湯浅 京己,投手,117,0,0,0,0,0,0,0,0,0,0,0,0,0,0,0,0,0
阪神タイガース,梅野 隆太郎,捕手,1105,3631,3176,0.229,295,305,727,131,13,45,41,288,776,125,19,0.296,0.321,0.617
阪神タイガース,畠 世周,投手,131,70,60,0.05,2,2,3,0,0,0,0,2,44,8,0,0.081,0.05,0.131
阪神タイガース,富田 蓮,投手,51,7,5,0,1,0,0,0,0,0,0,0,3,2,0,0,0,0
阪神タイガース,伏見 寅威,捕手,633,1675,1520,0.233,106,142,354,61,5,21,2,72,292,54,6,0.277,0.321,0.598
阪神タイガース,福島 圭音,外野手,21,71,63,0.27,5,2,17,5,0,0,2,5,8,0,0,0.352,0.349,0.701
阪神タイガース,豊田 寛,外野手,49,89,82,0.207,3,4,17,5,0,0,0,5,25,1,1,0.25,0.268,0.518
阪神タイガース,木下 里都,投手,11,0,0,0,0,0,0,0,0,0,0,0,0,0,0,0,0,0
阪神タイガース,木浪 聖也,内野手,653,2039,1820,0.24,169,169,436,93,7,11,6,129,385,58,14,0.294,0.316,0.611
阪神タイガース,門別 啓人,投手,19,17,15,0,0,0,0,0,0,0,0,0,7,2,0,0,0,0
阪神タイガース,榮枝 裕貴,捕手,12,14,13,0.308,1,2,4,0,0,0,0,0,4,1,0,0.308,0.308,0.615
阪神タイガース,濱田 太貴,外野手,255,666,619,0.212,62,53,131,32,1,18,4,36,161,6,0,0.261,0.354,0.614
阪神タイガース,髙橋 遥人,投手,57,110,100,0.12,6,2,12,0,0,0,0,2,45,8,0,0.137,0.12,0.257
阪神タイガース,髙寺 望夢,内野手,75,187,157,0.217,10,9,34,7,0,2,5,20,42,7,2,0.306,0.299,0.605
横浜DeNAベイスターズ,ビシエド,内野手,1001,4017,3605,0.287,427,555,1033,189,3,141,15,309,484,0,31,0.352,0.458,0.81
横浜DeNAベイスターズ,マルセリーノ,投手,2,0,0,0,0,0,0,0,0,0,0,0,0,0,0,0,0,0
横浜DeNAベイスターズ,デュプランティエ,投手,15,28,26,0.038,0,0,1,0,0,0,0,0,16,2,0,0.038,0.038,0.077
横浜DeNAベイスターズ,伊勢 大夢,投手,293,3,2,0,0,0,0,0,0,0,0,1,2,0,0,0.333,0,0.333
横浜DeNAベイスターズ,井上 絢登,外野手,37,79,71,0.183,4,11,13,5,0,2,1,3,14,2,1,0.234,0.338,0.572
横浜DeNAベイスターズ,益子 京右,捕手,5,7,6,0.167,0,0,1,0,0,0,0,1,2,0,0,0.286,0.167,0.452
横浜DeNAベイスターズ,加藤 響,内野手,9,18,17,0.176,2,0,3,0,0,0,0,1,6,0,0,0.222,0.176,0.399
横浜DeNAベイスターズ,蝦名 達夫,外野手,342,931,811,0.255,112,68,207,40,1,15,15,64,189,20,8,0.328,0.363,0.691
横浜DeNAベイスターズ,梶原 昂希,外野手,179,590,570,0.272,73,44,155,27,5,7,23,12,176,1,1,0.294,0.374,0.667
横浜DeNAベイスターズ,関根 大気,外野手,653,1412,1282,0.237,170,74,304,41,11,7,35,70,192,43,4,0.283,0.303,0.585
横浜DeNAベイスターズ,岩田 将貴,投手,3,0,0,0,0,0,0,0,0,0,0,0,0,0,0,0,0,0
横浜DeNAベイスターズ,吉野 光樹,投手,9,16,12,0,0,0,0,0,0,0,0,2,7,2,0,0.143,0,0.143
横浜DeNAベイスターズ,宮城 滝太,投手,62,1,1,0,0,0,0,0,0,0,0,0,1,0,0,0,0,0
横浜DeNAベイスターズ,宮﨑 敏郎,内野手,1301,4948,4504,0.3,509,575,1353,260,5,158,2,371,423,0,25,0.358,0.466,0.824
横浜DeNAベイスターズ,京田 陽太,内野手,977,3623,3289,0.243,351,231,799,96,34,25,82,179,619,100,15,0.289,0.316,0.605
横浜DeNAベイスターズ,橋本 達弥,投手,1,0,0,0,0,0,0,0,0,0,0,0,0,0,0,0,0,0
横浜DeNAベイスターズ,九鬼 隆平,捕手,22,22,20,0.25,2,2,5,0,1,1,0,1,6,0,0,0.318,0.5,0.818
横浜DeNAベイスターズ,古市 尊,捕手,45,81,74,0.216,3,0,16,0,0,0,1,3,14,3,0,0.256,0.216,0.473
横浜DeNAベイスターズ,戸柱 恭孝,捕手,691,1866,1739,0.225,124,169,391,61,5,32,0,86,310,25,10,0.262,0.321,0.583
横浜DeNAベイスターズ,佐々木 千隼,投手,154,4,4,0,0,0,0,0,0,0,0,0,3,0,0,0,0,0
横浜DeNAベイスターズ,佐野 恵太,外野手,980,3757,3429,0.287,379,458,983,182,6,105,3,280,449,0,20,0.344,0.435,0.779
横浜DeNAベイスターズ,坂本 裕哉,投手,151,51,45,0.067,1,0,3,0,0,0,0,0,13,6,0,0.067,0.067,0.133
横浜DeNAベイスターズ,三森 大貴,内野手,454,1445,1335,0.247,172,103,330,45,14,15,78,75,282,24,6,0.289,0.336,0.624
横浜DeNAベイスターズ,山本 祐大,捕手,368,1106,988,0.258,75,103,255,43,5,13,1,67,142,27,15,0.307,0.351,0.658
横浜DeNAベイスターズ,山﨑 康晃,投手,563,0,0,0,0,0,0,0,0,0,0,0,0,0,0,0,0,0
横浜DeNAベイスターズ,篠木 健太郎,投手,3,1,1,0,0,0,0,0,0,0,0,0,1,0,0,0,0,0
横浜DeNAベイスターズ,柴田 竜拓,内野手,860,1627,1360,0.229,169,83,311,57,4,11,11,163,281,79,8,0.317,0.301,0.618
横浜DeNAベイスターズ,若松 尚輝,投手,7,0,0,0,0,0,0,0,0,0,0,0,0,0,0,0,0,0
横浜DeNAベイスターズ,勝又 温史,外野手,7,9,9,0.333,0,0,3,0,0,0,0,0,1,0,0,0.333,0.333,0.667
横浜DeNAベイスターズ,小園 健太,投手,2,1,1,0,0,0,0,0,0,0,0,0,1,0,0,0,0,0
横浜DeNAベイスターズ,松尾 汐恩,捕手,104,231,214,0.243,22,19,52,8,0,4,1,10,25,0,3,0.286,0.336,0.622
横浜DeNAベイスターズ,松本 隆之介,投手,1,3,2,0,0,0,0,0,0,0,0,0,0,1,0,0,0,0
横浜DeNAベイスターズ,松本 凌人,投手,14,0,0,0,0,0,0,0,0,0,0,0,0,0,0,0,0,0
横浜DeNAベイスターズ,森 敬斗,内野手,221,582,540,0.22,53,21,119,20,4,2,18,35,133,3,4,0.266,0.283,0.549
横浜DeNAベイスターズ,森原 康平,投手,317,0,0,0,0,0,0,0,0,0,0,0,0,0,0,0,0,0
横浜DeNAベイスターズ,神里 和毅,外野手,609,1251,1146,0.254,175,103,291,62,13,19,52,79,342,10,3,0.309,0.38,0.689
横浜DeNAベイスターズ,西巻 賢二,内野手,47,107,97,0.237,7,3,23,4,0,0,0,6,27,4,0,0.282,0.278,0.56
横浜DeNAベイスターズ,石上 泰輝,内野手,99,237,212,0.222,18,19,47,13,0,2,5,20,59,4,0,0.292,0.311,0.603
横浜DeNAベイスターズ,石田 健大,投手,247,239,204,0.123,11,11,25,1,0,0,0,3,88,31,0,0.139,0.127,0.267
横浜DeNAベイスターズ,石田 裕太郎,投手,33,44,39,0.051,1,2,2,0,0,0,0,1,17,4,0,0.075,0.051,0.126
横浜DeNAベイスターズ,竹田 祐,投手,10,24,20,0.05,0,0,1,0,0,0,0,1,11,3,0,0.095,0.05,0.145
横浜DeNAベイスターズ,中川 虎大,投手,91,8,7,0.286,1,1,2,1,0,0,0,0,3,1,0,0.286,0.429,0.714
横浜DeNAベイスターズ,中川 颯,投手,57,15,13,0.308,1,3,4,0,0,1,0,0,3,2,0,0.308,0.538,0.846
横浜DeNAベイスターズ,田内 真翔,内野手,2,2,2,0.5,0,0,1,0,0,0,0,0,0,0,0,0.5,0.5,1
横浜DeNAベイスターズ,度会 隆輝,外野手,161,573,521,0.248,45,49,129,17,3,9,2,36,79,5,3,0.305,0.344,0.648
横浜DeNAベイスターズ,島田 舜也,投手,1,2,1,0,0,0,0,0,0,0,0,0,0,1,0,0,0,0
横浜DeNAベイスターズ,東 克樹,投手,120,261,211,0.114,7,11,24,3,0,0,0,12,85,38,0,0.161,0.128,0.289
横浜DeNAベイスターズ,東妻 純平,捕手,7,8,8,0.25,1,1,2,1,0,0,0,0,4,0,0,0.25,0.375,0.625
横浜DeNAベイスターズ,筒香 嘉智,内野手,1100,4425,3799,0.278,556,679,1056,213,14,232,5,581,943,2,22,0.375,0.525,0.899
横浜DeNAベイスターズ,藤浪 晋太郎,投手,195,335,285,0.116,14,23,33,9,1,3,0,8,174,41,1,0.139,0.186,0.325
横浜DeNAベイスターズ,入江 大生,投手,143,6,3,0,1,0,0,0,0,0,0,3,1,0,0,0.5,0,0.5
横浜DeNAベイスターズ,馬場 皐輔,投手,115,6,6,0,0,0,0,0,0,0,0,0,3,0,0,0,0,0
横浜DeNAベイスターズ,浜地 真澄,投手,129,2,2,0.5,0,0,1,0,0,0,0,0,0,0,0,0.5,0.5,1
横浜DeNAベイスターズ,武田 陸玖,投手,1,0,0,0,0,0,0,0,0,0,0,0,0,0,0,0,0,0
横浜DeNAベイスターズ,平良 拳太郎,投手,5,7,5,0,1,0,0,0,0,0,0,1,2,1,0,0.167,0,0.167
横浜DeNAベイスターズ,牧 秀悟,内野手,662,2740,2514,0.296,352,394,744,172,7,116,22,167,400,1,18,0.347,0.508,0.856
横浜DeNAベイスターズ,堀岡 隼人,投手,37,0,0,0,0,0,0,0,0,0,0,0,0,0,0,0,0,0
横浜DeNAベイスターズ,林 琢真,内野手,223,558,501,0.218,58,38,109,21,2,2,24,33,107,14,7,0.267,0.279,0.546
横浜DeNAベイスターズ,濱 将乃介,外野手,5,4,4,0.25,0,1,1,0,0,0,0,0,1,0,0,0.25,0.25,0.5
広島東洋カープ,モンテロ,内野手,105,396,368,0.255,23,41,94,21,1,9,0,23,89,0,3,0.301,0.391,0.692
広島東洋カープ,ファビアン,外野手,138,572,539,0.276,60,65,149,30,0,17,2,22,84,0,2,0.315,0.427,0.741
広島東洋カープ,ハーン,投手,91,0,0,0,0,0,0,0,0,0,0,0,0,0,0,0,0,0
広島東洋カープ,アドゥワ 誠,投手,110,68,62,0.065,3,1,4,0,0,0,0,0,38,6,0,0.065,0.065,0.129
広島東洋カープ,ケムナ 誠,投手,154,3,2,0,0,0,0,0,0,0,0,1,2,0,0,0.333,0,0.333
広島東洋カープ,羽月 隆太郎,内野手,277,453,403,0.243,77,34,98,13,7,1,51,32,99,18,0,0.299,0.318,0.616
広島東洋カープ,益田 武尚,投手,22,0,0,0,0,0,0,0,0,0,0,0,0,0,0,0,0,0
広島東洋カープ,遠藤 淳志,投手,93,89,82,0.098,1,6,8,0,0,0,0,1,35,6,0,0.108,0.098,0.206
広島東洋カープ,岡本 駿,投手,41,0,0,0,0,0,0,0,0,0,0,0,0,0,0,0,0,0
広島東洋カープ,河野 佳,投手,21,3,3,0,0,0,0,0,0,0,0,0,2,0,0,0,0,0
広島東洋カープ,菊地 ハルン,投手,4,0,0,0,0,0,0,0,0,0,0,0,0,0,0,0,0,0
広島東洋カープ,菊池 涼介,内野手,1777,7559,6705,0.267,847,618,1789,326,26,135,127,433,1191,370,30,0.312,0.384,0.696
広島東洋カープ,久保 修,外野手,36,32,30,0.1,2,0,3,2,0,0,1,1,14,0,0,0.156,0.167,0.323
広島東洋カープ,玉村 昇悟,投手,67,102,94,0.17,4,10,16,2,0,0,0,2,55,6,0,0.188,0.191,0.379
広島東洋カープ,栗林 良吏,投手,271,0,0,0,0,0,0,0,0,0,0,0,0,0,0,0,0,0
広島東洋カープ,黒原 拓未,投手,70,5,4,0.25,1,1,1,0,1,0,0,0,3,1,0,0.25,0.75,1
広島東洋カープ,佐々木 泰,内野手,82,294,281,0.238,21,11,67,4,1,2,4,10,38,1,0,0.27,0.281,0.551
広島東洋カープ,佐藤 啓介,内野手,12,33,30,0.1,1,1,3,0,0,0,0,3,8,0,0,0.182,0.1,0.282
広島東洋カープ,佐藤 柳之介,投手,6,5,4,0.25,0,0,1,0,0,0,0,0,2,1,0,0.25,0.25,0.5
広島東洋カープ,坂倉 将吾,捕手,793,2811,2505,0.279,294,320,698,134,9,66,15,257,436,8,17,0.349,0.418,0.768
広島東洋カープ,持丸 泰輝,捕手,5,6,6,0,0,0,0,0,0,0,0,0,3,0,0,0,0,0
広島東洋カープ,秋山 翔吾,外野手,1568,6727,5955,0.296,908,612,1761,303,66,130,126,610,1040,65,29,0.366,0.434,0.8
広島東洋カープ,小園 海斗,内野手,31,131,119,0.21,10,4,25,4,0,0,1,9,12,1,1,0.269,0.244,0.513
広島東洋カープ,床田 寛樹,投手,158,324,274,0.204,13,11,56,10,0,1,0,7,75,42,1,0.223,0.252,0.475
広島東洋カープ,松本 竜也,投手,79,0,0,0,0,0,0,0,0,0,0,0,0,0,0,0,0,0
広島東洋カープ,常廣 羽也斗,投手,9,14,13,0,0,0,0,0,0,0,0,0,9,1,0,0,0,0
広島東洋カープ,森 翔平,投手,48,67,53,0.189,2,4,10,1,0,0,0,2,25,12,0,0.218,0.208,0.426
広島東洋カープ,森浦 大輔,投手,231,0,0,0,0,0,0,0,0,0,0,0,0,0,0,0,0,0
広島東洋カープ,森下 暢仁,投手,134,311,268,0.153,14,18,41,7,1,1,0,6,92,35,0,0.178,0.198,0.375
広島東洋カープ,清水 叶人,捕手,4,14,13,0.154,1,0,2,1,0,0,0,1,4,0,0,0.214,0.231,0.445
広島東洋カープ,斉藤 優汰,投手,2,1,1,0,0,0,0,0,0,0,0,0,1,0,0,0,0,0
広島東洋カープ,石原 貴規,捕手,176,396,352,0.219,23,26,77,11,0,7,1,19,78,14,3,0.272,0.31,0.582
広島東洋カープ,前川 誠太,内野手,28,56,54,0.185,1,9,10,3,0,0,0,2,10,0,0,0.214,0.241,0.455
広島東洋カープ,大瀬良 大地,投手,299,502,427,0.112,22,19,48,5,1,1,1,23,214,51,0,0.16,0.136,0.295
広島東洋カープ,大盛 穂,外野手,416,544,500,0.238,83,42,119,18,7,7,23,31,160,7,1,0.289,0.344,0.633
広島東洋カープ,滝田 一希,投手,8,1,1,0,0,0,0,0,0,0,0,0,1,0,0,0,0,0
広島東洋カープ,辰見 鴻之介,内野手,2,3,3,0,1,0,0,0,0,0,0,0,2,0,0,0,0,0
広島東洋カープ,中村 貴浩,外野手,26,62,58,0.19,7,6,11,1,0,0,1,1,15,1,1,0.213,0.207,0.42
広島東洋カープ,中村 奨成,外野手,222,581,547,0.249,65,44,136,28,3,11,5,27,92,3,1,0.287,0.371,0.658
広島東洋カープ,中﨑 翔太,投手,502,16,13,0,0,0,0,0,0,0,0,0,9,3,0,0,0,0
広島東洋カープ,仲田 侑仁,内野手,1,4,4,0.25,1,0,1,0,0,0,0,0,1,0,0,0.25,0.25,0.5
広島東洋カープ,長谷部 銀次,投手,10,0,0,0,0,0,0,0,0,0,0,0,0,0,0,0,0,0
広島東洋カープ,辻 大雅,投手,16,0,0,0,0,0,0,0,0,0,0,0,0,0,0,0,0,0
広島東洋カープ,田村 俊介,外野手,72,197,186,0.237,12,9,44,5,3,1,1,9,47,1,0,0.276,0.312,0.587
広島東洋カープ,渡邉 悠斗,内野手,6,12,12,0.083,0,1,1,0,0,0,0,0,1,0,0,0.083,0.083,0.167
広島東洋カープ,島内 颯太郎,投手,316,1,0,0,0,0,0,0,0,0,0,0,0,1,0,0,0,0
広島東洋カープ,堂林 翔太,内野手,1070,3081,2759,0.242,301,284,667,132,7,67,41,220,765,51,16,0.304,0.368,0.672
広島東洋カープ,内田 湘大,内野手,7,13,12,0.25,0,0,3,1,0,0,0,1,4,0,0,0.308,0.333,0.641
広島東洋カープ,二俣 翔一,内野手,134,252,225,0.191,19,13,43,8,1,4,2,16,57,8,1,0.25,0.289,0.539
広島東洋カープ,末包 昇大,外野手,298,1007,939,0.25,87,140,235,41,4,33,3,52,242,0,7,0.294,0.408,0.702
広島東洋カープ,野間 峻祥,外野手,17,48,41,0.22,2,2,9,1,0,0,2,6,5,0,1,0.313,0.244,0.556
広島東洋カープ,矢野 雅哉,内野手,410,1060,906,0.227,104,65,206,21,7,5,22,86,237,51,7,0.299,0.283,0.582
広島東洋カープ,林 晃汰,内野手,3,3,3,0,0,0,0,0,0,0,0,0,0,0,0,0,0,0
広島東洋カープ,鈴木 健矢,投手,107,4,4,0,0,1,0,0,0,0,0,0,2,0,0,0,0,0
広島東洋カープ,會澤 翼,捕手,1086,3256,2853,0.248,278,356,708,128,6,72,5,271,577,35,21,0.328,0.373,0.7
広島東洋カープ,塹江 敦哉,投手,232,5,5,0.2,0,0,1,0,0,0,0,0,2,0,0,0.2,0.2,0.4
広島東洋カープ,髙 太一,投手,9,16,15,0.067,1,0,1,0,0,0,0,0,7,1,0,0.067,0.067,0.133
中日ドラゴンズ,アブレウ,投手,52,0,0,0,0,0,0,0,0,0,0,0,0,0,0,0,0,0
中日ドラゴンズ,ロドリゲス,内野手,1,2,2,0,0,0,0,0,0,0,0,0,2,0,0,0,0,0
中日ドラゴンズ,メヒア,投手,48,41,33,0.091,0,1,3,1,0,0,0,1,14,7,0,0.118,0.121,0.239
中日ドラゴンズ,ボスラー,外野手,122,493,452,0.261,37,58,118,33,2,13,0,30,101,0,5,0.312,0.429,0.742
中日ドラゴンズ,マラー,投手,18,33,28,0.071,0,0,2,1,0,0,0,1,13,3,0,0.133,0.107,0.24
中日ドラゴンズ,カリステ,内野手,222,757,711,0.246,56,63,175,28,2,13,3,34,140,6,6,0.278,0.346,0.624
中日ドラゴンズ,ブライト 健太,外野手,151,276,243,0.251,26,27,61,10,4,5,2,24,76,5,0,0.328,0.387,0.715
中日ドラゴンズ,阿部 寿樹,内野手,706,2492,2232,0.255,209,267,569,130,9,51,9,207,473,28,16,0.319,0.39,0.708
中日ドラゴンズ,伊藤 茉央,投手,43,0,0,0,0,0,0,0,0,0,0,0,0,0,0,0,0,0
中日ドラゴンズ,宇佐見 真吾,捕手,450,1138,1022,0.232,67,93,237,30,0,19,0,80,258,26,5,0.29,0.317,0.607
中日ドラゴンズ,鵜飼 航丞,外野手,142,369,351,0.185,22,25,65,11,1,7,3,11,118,0,1,0.222,0.282,0.504
中日ドラゴンズ,岡林 勇希,外野手,581,2407,2206,0.28,232,114,618,82,31,8,65,149,290,42,6,0.326,0.356,0.682
中日ドラゴンズ,加藤 匠馬,捕手,350,639,572,0.18,36,29,103,15,5,3,0,18,181,49,0,0.205,0.24,0.445
中日ドラゴンズ,吉田 聖弥,投手,5,2,1,0,0,0,0,0,0,0,0,0,0,1,0,0,0,0
中日ドラゴンズ,橋本 侑樹,投手,148,5,4,0,0,0,0,0,0,0,0,0,4,1,0,0,0,0
中日ドラゴンズ,近藤 廉,投手,22,0,0,0,0,0,0,0,0,0,0,0,0,0,0,0,0,0
中日ドラゴンズ,金丸 夢斗,投手,15,27,23,0,0,0,0,0,0,0,0,0,17,4,0,0,0,0
中日ドラゴンズ,高橋 周平,内野手,1090,3703,3372,0.258,287,373,869,178,14,57,9,262,691,26,19,0.314,0.37,0.684
中日ドラゴンズ,根尾 昂,投手,141,269,242,0.174,17,21,42,7,1,1,0,22,75,2,1,0.247,0.223,0.47
中日ドラゴンズ,細川 成也,外野手,514,1833,1616,0.26,182,222,420,88,2,73,3,188,509,0,6,0.344,0.452,0.797
中日ドラゴンズ,三浦 瑞樹,投手,12,9,8,0.125,1,0,1,0,0,0,0,1,2,0,0,0.222,0.125,0.347
中日ドラゴンズ,山浅 龍之介,捕手,10,2,2,0,1,0,0,0,0,0,0,0,0,0,0,0,0,0
中日ドラゴンズ,山本 泰寛,内野手,532,1306,1150,0.239,126,72,275,40,7,10,14,87,255,52,4,0.299,0.312,0.611
中日ドラゴンズ,勝野 昌慶,投手,155,73,65,0.108,2,4,7,2,1,1,0,3,42,5,0,0.147,0.215,0.362
中日ドラゴンズ,松山 晋也,投手,148,1,1,0,0,0,0,0,0,0,0,0,0,0,0,0,0,0
中日ドラゴンズ,松木平 優太,投手,9,15,15,0,1,0,0,0,0,0,0,0,6,0,0,0,0,0
中日ドラゴンズ,松葉 貴大,投手,220,188,157,0.121,3,5,19,1,0,0,0,2,65,28,0,0.138,0.127,0.265
中日ドラゴンズ,上林 誠知,外野手,782,2479,2280,0.246,285,258,561,95,31,75,75,119,538,46,10,0.289,0.414,0.703
中日ドラゴンズ,森 博人,投手,40,0,0,0,0,0,0,0,0,0,0,0,0,0,0,0,0,0
中日ドラゴンズ,杉浦 稔大,投手,221,38,32,0.063,2,1,2,1,0,0,0,0,20,6,0,0.063,0.094,0.156
中日ドラゴンズ,石伊 雄太,捕手,85,270,235,0.221,17,21,52,9,0,3,0,14,63,16,2,0.272,0.298,0.57
中日ドラゴンズ,石橋 康太,捕手,114,227,200,0.195,11,19,39,13,2,2,0,8,39,17,1,0.229,0.31,0.539
中日ドラゴンズ,石川 昂弥,内野手,276,996,925,0.239,69,95,221,54,1,23,0,51,174,2,9,0.283,0.374,0.657
中日ドラゴンズ,川越 誠司,外野手,246,599,534,0.223,43,43,119,15,4,12,3,56,159,3,1,0.302,0.333,0.635
中日ドラゴンズ,草加 勝,投手,1,1,1,0,0,0,0,0,0,0,0,0,1,0,0,0,0,0
中日ドラゴンズ,村松 開人,内野手,34,131,109,0.275,15,17,30,5,4,1,1,18,18,1,3,0.369,0.422,0.791
中日ドラゴンズ,大島 洋平,外野手,16,54,50,0.2,4,2,10,1,1,0,1,4,10,0,0,0.259,0.26,0.519
中日ドラゴンズ,大野 雄大,投手,263,553,475,0.069,10,11,33,2,1,0,0,12,266,66,0,0.092,0.078,0.17
中日ドラゴンズ,知野 直人,内野手,123,135,112,0.161,23,12,18,4,1,4,4,18,32,3,0,0.288,0.321,0.609
中日ドラゴンズ,仲地 礼亜,投手,11,16,15,0,0,0,0,0,0,0,0,0,10,1,0,0,0,0
中日ドラゴンズ,津田 啓史,内野手,5,3,3,0,0,0,0,0,0,0,0,0,3,0,0,0,0,0
中日ドラゴンズ,辻本 倫太郎,内野手,42,76,71,0.141,3,1,10,3,0,0,0,1,10,4,0,0.153,0.183,0.336
中日ドラゴンズ,田中 幹也,内野手,207,708,628,0.247,59,44,155,21,3,3,17,44,81,32,2,0.297,0.304,0.601
中日ドラゴンズ,土生 翔太,投手,7,3,3,0,0,0,0,0,0,0,0,0,1,0,0,0,0,0
中日ドラゴンズ,土田 龍空,内野手,222,638,583,0.204,33,36,119,14,3,1,6,27,131,18,4,0.245,0.244,0.489
中日ドラゴンズ,藤嶋 健人,投手,341,21,17,0.118,3,1,2,0,0,0,0,3,6,1,0,0.25,0.118,0.368
中日ドラゴンズ,梅津 晃大,投手,33,51,47,0.17,3,0,8,1,0,0,0,2,21,2,0,0.204,0.191,0.396
中日ドラゴンズ,梅野 雄吾,投手,260,3,2,0,0,0,0,0,0,0,0,0,1,1,0,0,0,0
中日ドラゴンズ,板山 祐太郎,内野手,286,601,552,0.216,45,32,119,15,7,6,3,39,154,6,3,0.267,0.301,0.568
中日ドラゴンズ,樋口 正修,内野手,46,29,26,0.077,3,0,2,0,0,0,6,1,10,2,0,0.111,0.077,0.188
中日ドラゴンズ,尾田 剛樹,外野手,93,17,16,0,15,0,0,0,0,0,9,0,6,1,0,0,0,0
中日ドラゴンズ,福 敬登,投手,290,6,6,0.167,1,1,1,0,0,0,0,0,5,0,0,0.167,0.167,0.333
中日ドラゴンズ,福永 裕基,内野手,228,784,706,0.269,74,50,190,39,3,9,11,51,160,11,7,0.323,0.371,0.695
中日ドラゴンズ,福元 悠真,外野手,1,4,4,0.25,0,0,1,0,0,0,0,0,0,0,0,0.25,0.25,0.5
中日ドラゴンズ,福田 幸之介,投手,1,0,0,0,0,0,0,0,0,0,0,0,0,0,0,0,0,0
中日ドラゴンズ,味谷 大誠,捕手,12,16,15,0.2,3,1,3,0,0,0,0,0,4,0,1,0.188,0.2,0.388
中日ドラゴンズ,木下 拓哉,捕手,647,2007,1801,0.245,127,182,442,83,4,37,3,140,304,46,11,0.301,0.358,0.659
中日ドラゴンズ,柳 裕也,投手,164,325,272,0.143,11,10,39,10,0,0,0,13,110,38,2,0.181,0.18,0.361
中日ドラゴンズ,涌井 秀章,投手,518,141,133,0.113,5,6,15,3,0,0,0,3,69,5,0,0.132,0.135,0.268
中日ドラゴンズ,齋藤 綱記,投手,204,0,0,0,0,0,0,0,0,0,0,0,0,0,0,0,0,0
中日ドラゴンズ,髙橋 宏斗,投手,91,190,158,0.114,8,7,18,2,0,0,0,4,58,28,0,0.136,0.127,0.262
東京ヤクルトスワローズ,サンタナ,外野手,494,1873,1659,0.295,199,248,490,102,1,72,7,191,456,0,10,0.371,0.488,0.859
東京ヤクルトスワローズ,オスナ,内野手,674,2726,2533,0.261,232,344,662,116,4,87,11,170,419,0,15,0.308,0.413,0.721
東京ヤクルトスワローズ,ウォルターズ,投手,3,0,0,0,0,0,0,0,0,0,0,0,0,0,0,0,0,0
東京ヤクルトスワローズ,モンテル,外野手,12,11,11,0.091,1,0,1,0,0,0,1,0,5,0,0,0.091,0.091,0.182
東京ヤクルトスワローズ,伊藤 琉偉,内野手,93,205,185,0.205,17,17,38,6,2,3,3,12,57,7,1,0.253,0.308,0.561
東京ヤクルトスワローズ,塩見 泰隆,外野手,457,1726,1536,0.27,252,180,415,70,19,50,66,145,409,6,5,0.345,0.438,0.783
東京ヤクルトスワローズ,奥川 恭伸,投手,45,79,64,0.109,5,0,7,1,0,0,0,1,36,14,0,0.123,0.125,0.248
東京ヤクルトスワローズ,下川 隼佑,投手,9,8,6,0.167,1,0,1,1,0,0,0,0,2,2,0,0.167,0.333,0.5
東京ヤクルトスワローズ,柿沼 友哉,捕手,198,343,271,0.144,17,17,39,2,0,2,0,18,77,45,0,0.221,0.173,0.395
東京ヤクルトスワローズ,丸山 和郁,外野手,273,535,472,0.225,63,30,106,16,1,1,16,33,113,26,0,0.281,0.269,0.55
東京ヤクルトスワローズ,丸山 翔大,投手,57,1,0,0,0,0,0,0,0,0,0,0,0,1,0,0,0,0
東京ヤクルトスワローズ,岩田 幸宏,外野手,207,541,480,0.256,62,20,123,10,5,1,24,30,68,22,1,0.31,0.304,0.614
東京ヤクルトスワローズ,吉村 貢司郎,投手,57,113,94,0.043,3,1,4,1,0,0,0,4,42,14,1,0.081,0.053,0.134
東京ヤクルトスワローズ,宮本 丈,内野手,15,16,15,0.333,2,3,5,0,0,1,0,0,5,0,0,0.375,0.533,0.908
東京ヤクルトスワローズ,橋本 星哉,捕手,29,34,31,0.129,3,1,4,1,0,0,0,2,8,0,1,0.176,0.161,0.338
東京ヤクルトスワローズ,古賀 優大,捕手,23,94,91,0.286,5,12,26,3,1,0,0,1,5,1,1,0.29,0.341,0.631
東京ヤクルトスワローズ,高橋 奎二,投手,113,186,162,0.123,6,5,20,1,0,0,0,6,69,18,0,0.155,0.13,0.284
東京ヤクルトスワローズ,高梨 裕稔,投手,190,164,148,0.074,3,1,11,0,0,0,0,2,85,14,0,0.087,0.074,0.161
東京ヤクルトスワローズ,坂本 拓己,投手,1,0,0,0,0,0,0,0,0,0,0,0,0,0,0,0,0,0
東京ヤクルトスワローズ,阪口 皓亮,投手,48,17,16,0,0,0,0,0,0,0,0,0,13,1,0,0,0,0
東京ヤクルトスワローズ,山田 哲人,内野手,1648,6957,5948,0.276,1004,917,1643,327,23,311,198,895,1301,5,50,0.374,0.496,0.869
東京ヤクルトスワローズ,山野 太一,投手,34,52,42,0.095,2,2,4,1,0,0,0,1,16,9,0,0.116,0.119,0.235
東京ヤクルトスワローズ,山野辺 翔,内野手,224,316,284,0.197,41,12,56,13,2,0,28,12,53,10,2,0.248,0.257,0.505
東京ヤクルトスワローズ,小川 泰弘,投手,282,595,505,0.105,18,35,53,11,0,3,0,23,228,66,1,0.144,0.145,0.288
東京ヤクルトスワローズ,松本 健吾,投手,6,11,11,0.273,0,2,3,0,0,0,0,0,5,0,0,0.273,0.273,0.545
東京ヤクルトスワローズ,松本 直樹,捕手,136,296,278,0.227,14,20,63,9,0,4,1,10,40,6,1,0.255,0.302,0.557
東京ヤクルトスワローズ,沼田 翔平,投手,8,0,0,0,0,0,0,0,0,0,0,0,0,0,0,0,0,0
東京ヤクルトスワローズ,星 知弥,投手,261,43,38,0.132,0,1,5,0,0,0,0,0,25,4,0,0.132,0.132,0.263
東京ヤクルトスワローズ,清水 昇,投手,293,3,3,0,0,0,0,0,0,0,0,0,3,0,0,0,0,0
東京ヤクルトスワローズ,西村 瑠伊斗,外野手,5,12,12,0.083,2,1,1,0,0,0,0,0,5,0,0,0.083,0.083,0.167
東京ヤクルトスワローズ,青柳 晃洋,投手,157,295,254,0.094,7,13,24,4,0,0,0,5,125,33,2,0.115,0.11,0.225
東京ヤクルトスワローズ,石原 勇輝,投手,3,0,0,0,0,0,0,0,0,0,0,0,0,0,0,0,0,0
東京ヤクルトスワローズ,石山 泰稚,投手,569,67,58,0.052,0,0,3,0,0,0,0,1,28,8,0,0.068,0.052,0.12
東京ヤクルトスワローズ,石川 雅規,投手,561,1051,876,0.155,41,35,136,4,0,0,0,23,266,150,0,0.179,0.16,0.339
東京ヤクルトスワローズ,赤羽 由紘,内野手,178,394,349,0.209,32,28,73,13,1,5,9,20,99,18,4,0.255,0.295,0.55
東京ヤクルトスワローズ,荘司 宏太,投手,45,0,0,0,0,0,0,0,0,0,0,0,0,0,0,0,0,0
東京ヤクルトスワローズ,増居 翔太,投手,2,1,1,0,0,0,0,0,0,0,0,0,1,0,0,0,0,0
東京ヤクルトスワローズ,増田 珠,外野手,203,433,378,0.228,37,35,86,17,3,7,1,34,76,9,2,0.307,0.344,0.651
東京ヤクルトスワローズ,大西 広樹,投手,237,3,3,0,0,0,0,0,0,0,0,0,2,0,0,0,0,0
東京ヤクルトスワローズ,大道 温貴,投手,80,13,10,0.1,0,2,1,1,0,0,0,1,6,2,0,0.182,0.2,0.382
東京ヤクルトスワローズ,拓也,投手,194,12,11,0,0,0,0,0,0,0,0,1,9,0,0,0.083,0,0.083
東京ヤクルトスワローズ,竹山 日向,投手,1,0,0,0,0,0,0,0,0,0,0,0,0,0,0,0,0,0
東京ヤクルトスワローズ,中村 優斗,投手,4,5,4,0.25,1,0,1,0,0,0,0,1,3,0,0,0.4,0.25,0.65
東京ヤクルトスワローズ,中村 悠平,捕手,1427,4928,4195,0.242,374,381,1017,159,11,41,13,447,677,180,38,0.323,0.315,0.638
東京ヤクルトスワローズ,長岡 秀樹,内野手,495,1931,1790,0.25,170,154,448,80,4,18,11,87,227,31,10,0.288,0.33,0.618
東京ヤクルトスワローズ,長谷川 宙輝,投手,72,1,1,0,0,0,0,0,0,0,0,0,1,0,0,0,0,0
東京ヤクルトスワローズ,田口 麗斗,投手,367,222,184,0.136,8,11,25,3,0,0,0,7,73,31,0,0.168,0.152,0.32
東京ヤクルトスワローズ,田中 陽翔,内野手,21,43,42,0.214,2,3,9,1,0,0,0,1,13,0,0,0.233,0.238,0.471
東京ヤクルトスワローズ,内山 壮真,内野手,314,996,897,0.242,97,97,217,50,2,18,12,78,169,11,5,0.305,0.362,0.667
東京ヤクルトスワローズ,武岡 龍世,内野手,220,478,424,0.208,44,25,88,10,4,5,5,27,109,23,3,0.255,0.285,0.54
東京ヤクルトスワローズ,並木 秀尊,外野手,210,380,344,0.241,85,24,83,11,4,5,37,15,59,17,0,0.281,0.34,0.621
東京ヤクルトスワローズ,北村 恵吾,内野手,7,12,12,0.083,0,1,1,0,0,0,0,0,4,0,0,0.083,0.083,0.167
東京ヤクルトスワローズ,茂木 栄五郎,内野手,834,3309,2905,0.269,386,307,782,136,27,80,51,324,680,44,12,0.346,0.417,0.763
東京ヤクルトスワローズ,木澤 尚文,投手,217,1,1,0,0,0,0,0,0,0,0,0,1,0,0,0,0,0
東京ヤクルトスワローズ,鈴木 叶,捕手,14,51,49,0.224,6,9,11,2,2,1,0,2,9,0,0,0.255,0.408,0.663
東京ヤクルトスワローズ,廣澤 優,投手,11,0,0,0,0,0,0,0,0,0,0,0,0,0,0,0,0,0
東京ヤクルトスワローズ,澤井 廉,外野手,55,141,132,0.174,7,8,23,4,1,2,0,1,50,1,0,0.221,0.265,0.487
福岡ソフトバンクホークス,スチュワート・ジュニア,投手,45,4,4,0,0,0,0,0,0,0,0,0,4,0,0,0,0,0
福岡ソフトバンクホークス,ヘルナンデス,投手,91,0,0,0,0,0,0,0,0,0,0,0,0,0,0,0,0,0
福岡ソフトバンクホークス,ダウンズ,内野手,57,194,168,0.232,24,20,39,10,3,5,5,21,37,0,2,0.325,0.417,0.741
福岡ソフトバンクホークス,モイネロ,投手,355,9,9,0.222,1,0,2,0,0,0,0,0,6,0,0,0.222,0.222,0.444
福岡ソフトバンクホークス,,投手,148,0,0,0,0,0,0,0,0,0,0,0,0,0,0,0,0,0
福岡ソフトバンクホークス,イヒネ イツア,内野手,9,2,2,0,1,0,0,0,0,0,0,0,1,0,0,0,0,0
福岡ソフトバンクホークス,伊藤 優輔,投手,13,0,0,0,0,0,0,0,0,0,0,0,0,0,0,0,0,0
福岡ソフトバンクホークス,海野 隆司,捕手,227,454,401,0.2,38,37,80,19,2,3,0,16,120,34,1,0.233,0.279,0.513
福岡ソフトバンクホークス,岩井 俊介,投手,23,0,0,0,0,0,0,0,0,0,0,0,0,0,0,0,0,0
福岡ソフトバンクホークス,岩崎 峻典,投手,1,0,0,0,0,0,0,0,0,0,0,0,0,0,0,0,0,0
福岡ソフトバンクホークス,近藤 健介,外野手,1361,5445,4494,0.307,639,646,1379,311,20,107,55,857,803,20,46,0.417,0.456,0.874
福岡ソフトバンクホークス,栗原 陵矢,内野手,34,147,129,0.287,21,25,37,7,1,9,0,16,29,1,1,0.363,0.566,0.929
福岡ソフトバンクホークス,今宮 健太,内野手,1659,6484,5596,0.252,663,548,1412,264,31,100,79,411,994,401,37,0.306,0.364,0.67
福岡ソフトバンクホークス,笹川 吉康,外野手,33,84,82,0.232,11,10,19,0,0,2,4,0,22,0,1,0.238,0.305,0.543
福岡ソフトバンクホークス,山川 穂高,内野手,1059,4270,3657,0.251,546,736,917,143,2,275,1,510,1014,2,21,0.353,0.517,0.87
福岡ソフトバンクホークス,山本 恵大,外野手,25,80,70,0.214,8,6,15,1,0,2,0,7,17,0,0,0.313,0.314,0.627
福岡ソフトバンクホークス,周東 佑京,外野手,688,2141,1915,0.259,319,132,496,50,21,17,230,143,430,51,8,0.317,0.334,0.651
福岡ソフトバンクホークス,秋広 優人,内野手,175,555,513,0.263,45,46,135,21,2,11,1,34,107,2,3,0.311,0.376,0.687
福岡ソフトバンクホークス,緒方 理貢,外野手,187,141,126,0.198,44,10,25,3,2,0,12,10,22,5,0,0.257,0.254,0.511
福岡ソフトバンクホークス,庄子 雄大,内野手,13,13,10,0.3,6,0,3,1,0,0,1,3,4,0,0,0.462,0.4,0.862
福岡ソフトバンクホークス,松本 晴,投手,37,4,4,0,0,0,0,0,0,0,0,0,3,0,0,0,0,0
福岡ソフトバンクホークス,松本 裕樹,投手,285,11,8,0.25,0,1,2,1,0,0,0,0,2,3,0,0.25,0.375,0.625
福岡ソフトバンクホークス,上沢 直之,投手,196,32,28,0.107,0,1,3,1,0,0,0,0,13,4,0,0.107,0.143,0.25
福岡ソフトバンクホークス,上茶谷 大河,投手,129,109,93,0.161,6,5,15,0,0,0,0,3,40,13,0,0.188,0.161,0.349
福岡ソフトバンクホークス,杉山 一樹,投手,153,4,4,0,0,0,0,0,0,0,0,0,3,0,0,0,0,0
福岡ソフトバンクホークス,正木 智也,外野手,147,457,414,0.251,33,43,104,25,0,12,2,29,111,2,4,0.31,0.399,0.708
福岡ソフトバンクホークス,生海,外野手,13,21,20,0.2,2,0,4,0,0,0,0,1,5,0,0,0.238,0.2,0.438
福岡ソフトバンクホークス,川口 冬弥,投手,5,0,0,0,0,0,0,0,0,0,0,0,0,0,0,0,0,0
福岡ソフトバンクホークス,川瀬 晃,内野手,528,997,863,0.235,99,73,203,29,7,2,12,62,160,61,7,0.287,0.292,0.579
福岡ソフトバンクホークス,川村 友斗,外野手,119,156,139,0.245,31,14,34,8,2,1,3,10,50,3,1,0.307,0.353,0.66
福岡ソフトバンクホークス,前田 純,投手,11,2,2,0.5,0,2,1,0,0,0,0,0,1,0,0,0.5,0.5,1
福岡ソフトバンクホークス,前田 悠伍,投手,5,0,0,0,0,0,0,0,0,0,0,0,0,0,0,0,0,0
福岡ソフトバンクホークス,村田 賢一,投手,1,0,0,0,0,0,0,0,0,0,0,0,0,0,0,0,0,0
福岡ソフトバンクホークス,大関 友久,投手,6,0,0,0,0,0,0,0,0,0,0,0,0,0,0,0,0,0
福岡ソフトバンクホークス,大江 竜聖,投手,165,3,2,0,0,0,0,0,0,0,0,0,1,1,0,0,0,0
福岡ソフトバンクホークス,大山 凌,投手,44,0,0,0,0,0,0,0,0,0,0,0,0,0,0,0,0,0
福岡ソフトバンクホークス,大津 亮介,投手,6,0,0,0,0,0,0,0,0,0,0,0,0,0,0,0,0,0
福岡ソフトバンクホークス,大野 稼頭央,投手,4,0,0,0,0,0,0,0,0,0,0,0,0,0,0,0,0,0
福岡ソフトバンクホークス,谷川原 健太,捕手,255,287,256,0.234,50,24,60,15,3,4,4,23,80,3,1,0.306,0.363,0.67
福岡ソフトバンクホークス,中村 晃,内野手,1645,6427,5539,0.274,651,555,1518,212,23,69,44,708,656,82,47,0.359,0.358,0.717
福岡ソフトバンクホークス,長谷川 威展,投手,43,0,0,0,0,0,0,0,0,0,0,0,0,0,0,0,0,0
福岡ソフトバンクホークス,津森 宥紀,投手,236,0,0,0,0,0,0,0,0,0,0,0,0,0,0,0,0,0
福岡ソフトバンクホークス,田上 奏大,投手,2,0,0,0,0,0,0,0,0,0,0,0,0,0,0,0,0,0
福岡ソフトバンクホークス,渡邉 陸,捕手,44,87,78,0.244,10,14,19,3,0,3,1,8,32,0,0,0.322,0.397,0.719
福岡ソフトバンクホークス,藤井 皓哉,投手,194,3,2,0,0,0,0,0,0,0,0,0,1,1,0,0,0,0
福岡ソフトバンクホークス,藤田 悠太郎,捕手,2,0,0,0,0,0,0,0,0,0,0,0,0,0,0,0,0,0
福岡ソフトバンクホークス,尾形 崇斗,投手,80,0,0,0,0,0,0,0,0,0,0,0,0,0,0,0,0,0
福岡ソフトバンクホークス,牧原 大成,内野手,878,2875,2683,0.275,317,228,737,99,25,26,79,73,454,74,22,0.297,0.359,0.657
福岡ソフトバンクホークス,木村 光,投手,18,0,0,0,0,0,0,0,0,0,0,0,0,0,0,0,0,0
福岡ソフトバンクホークス,野村 勇,内野手,335,817,732,0.234,122,74,171,28,3,25,34,60,258,11,3,0.3,0.383,0.683
福岡ソフトバンクホークス,柳町 達,外野手,459,1553,1342,0.274,135,159,368,63,11,11,8,178,369,17,6,0.362,0.362,0.724
福岡ソフトバンクホークス,柳田 悠岐,外野手,1470,6095,5187,0.312,904,899,1616,290,31,268,162,781,1217,2,34,0.408,0.534,0.943
福岡ソフトバンクホークス,嶺井 博希,捕手,583,1342,1212,0.22,97,154,267,42,4,27,0,49,298,35,8,0.271,0.328,0.599
福岡ソフトバンクホークス,廣瀨 隆太,内野手,65,205,188,0.229,15,16,43,6,0,3,1,12,45,1,2,0.279,0.309,0.588
福岡ソフトバンクホークス,澤柳 亮太郎,投手,11,0,0,0,0,0,0,0,0,0,0,0,0,0,0,0,0,0
北海道日本ハムファイターズ,,捕手,448,1465,1279,0.248,131,175,317,68,5,41,3,144,341,0,10,0.337,0.405,0.742
北海道日本ハムファイターズ,レイエス,外野手,235,899,811,0.282,101,155,229,32,1,57,0,83,219,0,5,0.347,0.535,0.882
北海道日本ハムファイターズ,伊藤 大海,投手,126,24,24,0.083,0,1,2,1,0,0,0,0,13,0,0,0.083,0.125,0.208
北海道日本ハムファイターズ,加藤 貴之,投手,249,20,16,0.188,1,0,3,0,0,0,0,1,11,3,0,0.235,0.188,0.423
北海道日本ハムファイターズ,河野 竜生,投手,207,0,0,0,0,0,0,0,0,0,0,0,0,0,0,0,0,0
北海道日本ハムファイターズ,菊地 大稀,投手,73,0,0,0,0,0,0,0,0,0,0,0,0,0,0,0,0,0
北海道日本ハムファイターズ,吉田 賢吾,捕手,65,154,147,0.197,12,12,29,6,2,4,0,5,29,0,1,0.227,0.347,0.574
北海道日本ハムファイターズ,宮崎 一樹,外野手,9,12,11,0.182,0,1,2,1,0,0,0,1,6,0,0,0.25,0.273,0.523
北海道日本ハムファイターズ,宮西 尚生,投手,900,1,1,0,0,0,0,0,0,0,0,0,1,0,0,0,0,0
北海道日本ハムファイターズ,宮内 春輝,投手,15,0,0,0,0,0,0,0,0,0,0,0,0,0,0,0,0,0
北海道日本ハムファイターズ,玉井 大翔,投手,368,0,0,0,0,0,0,0,0,0,0,0,0,0,0,0,0,0
北海道日本ハムファイターズ,金村 尚真,投手,61,5,5,0,0,0,0,0,0,0,0,0,2,0,0,0,0,0
北海道日本ハムファイターズ,郡司 裕也,捕手,366,1244,1094,0.263,119,117,288,38,0,25,4,117,206,11,10,0.338,0.367,0.705
北海道日本ハムファイターズ,古林 睿煬,投手,7,0,0,0,0,0,0,0,0,0,0,0,0,0,0,0,0,0
北海道日本ハムファイターズ,五十幡 亮汰,外野手,343,764,706,0.218,122,34,154,12,15,2,77,33,190,20,0,0.258,0.286,0.544
北海道日本ハムファイターズ,今川 優馬,外野手,159,484,434,0.214,52,47,93,17,1,13,7,30,115,6,4,0.278,0.348,0.626
北海道日本ハムファイターズ,根本 悠楓,投手,20,0,0,0,0,0,0,0,0,0,0,0,0,0,0,0,0,0
北海道日本ハムファイターズ,細川 凌平,内野手,156,269,233,0.202,23,18,47,7,3,1,6,17,65,17,2,0.254,0.27,0.524
北海道日本ハムファイターズ,細野 晴希,投手,8,2,2,0,0,0,0,0,0,0,0,0,2,0,0,0,0,0
北海道日本ハムファイターズ,阪口 樂,内野手,4,7,7,0.143,0,0,1,0,0,0,0,0,5,0,0,0.143,0.143,0.286
北海道日本ハムファイターズ,山本 拓実,投手,5,0,0,0,0,0,0,0,0,0,0,0,0,0,0,0,0,0
北海道日本ハムファイターズ,山縣 秀,内野手,84,198,185,0.232,15,11,43,7,0,3,3,1,34,8,2,0.242,0.319,0.561
北海道日本ハムファイターズ,山﨑 福也,投手,221,36,35,0.229,3,4,8,1,0,0,0,1,3,0,0,0.25,0.257,0.507
北海道日本ハムファイターズ,柴田 獅子,投手,4,0,0,0,0,0,0,0,0,0,0,0,0,0,0,0,0,0
北海道日本ハムファイターズ,松岡 洸希,投手,10,0,0,0,0,0,0,0,0,0,0,0,0,0,0,0,0,0
北海道日本ハムファイターズ,上原 健太,投手,129,14,14,0.214,2,1,3,1,0,1,0,0,9,0,0,0.214,0.5,0.714
北海道日本ハムファイターズ,進藤 勇也,捕手,20,46,39,0.051,4,0,2,0,0,0,0,4,15,3,0,0.14,0.051,0.191
北海道日本ハムファイターズ,水谷 瞬,外野手,184,674,623,0.283,86,80,176,34,6,21,10,39,156,2,4,0.329,0.457,0.786
北海道日本ハムファイターズ,水野 達稀,内野手,257,797,724,0.221,67,82,160,24,16,14,16,40,187,18,4,0.271,0.356,0.627
北海道日本ハムファイターズ,清宮 虎多朗,投手,3,0,0,0,0,0,0,0,0,0,0,0,0,0,0,0,0,0
北海道日本ハムファイターズ,清宮 幸太郎,内野手,685,2504,2213,0.24,265,285,532,112,9,76,17,245,523,2,20,0.32,0.402,0.722
北海道日本ハムファイターズ,清水 優心,捕手,494,1173,1012,0.217,87,98,220,35,0,20,1,82,270,65,8,0.278,0.311,0.589
北海道日本ハムファイターズ,生田目 翼,投手,83,0,0,0,0,0,0,0,0,0,0,0,0,0,0,0,0,0
北海道日本ハムファイターズ,西川 遥輝,外野手,1532,6253,5258,0.271,823,452,1426,227,62,63,343,815,1163,115,24,0.372,0.374,0.746
北海道日本ハムファイターズ,孫 易磊,投手,9,0,0,0,0,0,0,0,0,0,0,0,0,0,0,0,0,0
北海道日本ハムファイターズ,大塚 瑠晏,内野手,14,30,24,0.25,3,2,6,1,0,1,0,6,9,0,0,0.4,0.417,0.817
北海道日本ハムファイターズ,達 孝太,投手,6,0,0,0,0,0,0,0,0,0,0,0,0,0,0,0,0,0
北海道日本ハムファイターズ,池田 隆英,投手,6,0,0,0,0,0,0,0,0,0,0,0,0,0,0,0,0,0
北海道日本ハムファイターズ,中島 卓也,内野手,1313,3702,3104,0.237,411,181,736,58,13,2,206,330,722,256,6,0.311,0.266,0.577
北海道日本ハムファイターズ,田宮 裕涼,捕手,219,683,609,0.263,63,60,160,20,3,10,15,40,128,20,6,0.314,0.355,0.668
北海道日本ハムファイターズ,田中 正義,投手,183,0,0,0,0,0,0,0,0,0,0,0,0,0,0,0,0,0
北海道日本ハムファイターズ,島本 浩也,投手,205,0,0,0,0,0,0,0,0,0,0,0,0,0,0,0,0,0
北海道日本ハムファイターズ,奈良間 大己,内野手,241,449,411,0.217,41,25,89,18,2,3,7,17,123,14,2,0.255,0.292,0.547
北海道日本ハムファイターズ,梅林 優貴,捕手,34,67,63,0.127,2,3,8,1,0,0,0,1,26,3,0,0.141,0.143,0.283
北海道日本ハムファイターズ,畔柳 亨丞,投手,11,0,0,0,0,0,0,0,0,0,0,0,0,0,0,0,0,0
北海道日本ハムファイターズ,福谷 浩司,投手,292,101,86,0.174,2,8,15,2,0,0,0,1,25,13,0,0.193,0.198,0.391
北海道日本ハムファイターズ,福田 俊,投手,79,0,0,0,0,0,0,0,0,0,0,0,0,0,0,0,0,0
北海道日本ハムファイターズ,福島 蓮,投手,20,0,0,0,0,0,0,0,0,0,0,0,0,0,0,0,0,0
北海道日本ハムファイターズ,北山 亘基,投手,105,13,13,0.154,1,2,2,0,0,0,0,0,8,0,0,0.154,0.154,0.308
北海道日本ハムファイターズ,堀 瑞輝,投手,230,0,0,0,0,0,0,0,0,0,0,0,0,0,0,0,0,0
北海道日本ハムファイターズ,万波 中正,外野手,592,2196,2010,0.237,236,263,477,111,4,92,7,153,588,6,9,0.296,0.434,0.729
北海道日本ハムファイターズ,野村 佑希,内野手,495,1832,1698,0.257,149,178,436,85,8,39,10,108,388,2,9,0.305,0.385,0.691
北海道日本ハムファイターズ,矢澤 宏太,投手,151,308,280,0.214,33,22,60,9,2,2,13,18,86,3,2,0.272,0.282,0.554
北海道日本ハムファイターズ,柳川 大晟,投手,58,0,0,0,0,0,0,0,0,0,0,0,0,0,0,0,0,0
北海道日本ハムファイターズ,有原 航平,投手,198,21,17,0.118,1,0,2,0,0,0,0,0,11,4,0,0.118,0.118,0.235
北海道日本ハムファイターズ,淺間 大基,外野手,507,1464,1329,0.236,129,99,313,63,10,16,34,91,360,27,9,0.287,0.334,0.621
北海道日本ハムファイターズ,齋藤 友貴哉,投手,117,2,2,1,2,0,2,1,0,0,0,0,0,0,0,1,1.5,2.5
東北楽天ゴールデンイーグルス,ボイト,内野手,18,66,59,0.136,3,3,8,3,0,0,0,4,16,0,1,0.212,0.186,0.399
東北楽天ゴールデンイーグルス,ゴンザレス,外野手,53,208,201,0.229,18,19,46,5,1,4,0,4,37,0,1,0.25,0.323,0.573
東北楽天ゴールデンイーグルス,YG安田,捕手,92,267,242,0.24,21,17,58,8,0,6,0,24,67,0,0,0.311,0.347,0.658
東北楽天ゴールデンイーグルス,ワォーターズ,内野手,6,1,1,0,0,0,0,0,0,0,0,0,0,0,0,0,0,0
東北楽天ゴールデンイーグルス,伊藤 光,捕手,1063,3130,2697,0.235,246,262,634,118,7,30,15,219,633,166,20,0.297,0.317,0.615
東北楽天ゴールデンイーグルス,伊藤 裕季也,内野手,221,568,509,0.238,45,41,121,24,4,12,5,34,146,17,4,0.289,0.371,0.66
東北楽天ゴールデンイーグルス,加治屋 蓮,投手,276,0,0,0,0,0,0,0,0,0,0,0,0,0,0,0,0,0
東北楽天ゴールデンイーグルス,岸 孝之,投手,412,83,73,0.068,2,0,5,0,0,0,0,1,44,9,0,0.081,0.068,0.15
東北楽天ゴールデンイーグルス,吉野 創士,外野手,5,13,13,0.231,0,2,3,0,0,0,0,0,2,0,0,0.231,0.231,0.462
東北楽天ゴールデンイーグルス,古謝 樹,投手,34,3,1,0,1,0,0,0,0,0,0,0,1,2,0,0,0,0
東北楽天ゴールデンイーグルス,江原 雅裕,投手,31,0,0,0,0,0,0,0,0,0,0,0,0,0,0,0,0,0
東北楽天ゴールデンイーグルス,黒川 史陽,内野手,35,138,120,0.25,13,10,30,3,1,1,1,16,23,2,0,0.338,0.317,0.655
東北楽天ゴールデンイーグルス,今野 龍太,投手,224,0,0,0,0,0,0,0,0,0,0,0,0,0,0,0,0,0
東北楽天ゴールデンイーグルス,佐藤 直樹,外野手,262,382,342,0.205,57,28,70,12,7,7,17,22,140,12,2,0.259,0.342,0.602
東北楽天ゴールデンイーグルス,坂井 陽翔,投手,2,0,0,0,0,0,0,0,0,0,0,0,0,0,0,0,0,0
東北楽天ゴールデンイーグルス,柴田 大地,投手,8,0,0,0,0,0,0,0,0,0,0,0,0,0,0,0,0,0
東北楽天ゴールデンイーグルス,酒居 知史,投手,318,0,0,0,0,0,0,0,0,0,0,0,0,0,0,0,0,0
東北楽天ゴールデンイーグルス,宗山 塁,内野手,122,460,430,0.26,32,27,112,19,3,3,7,20,82,0,9,0.289,0.34,0.629
東北楽天ゴールデンイーグルス,小郷 裕哉,外野手,481,1550,1357,0.243,173,134,330,56,12,27,65,151,331,20,14,0.32,0.362,0.681
東北楽天ゴールデンイーグルス,小森 航大郎,内野手,37,85,81,0.185,8,3,15,1,0,1,5,2,21,0,1,0.212,0.235,0.446
東北楽天ゴールデンイーグルス,小深田 大翔,内野手,743,2799,2419,0.252,328,155,610,64,25,17,136,253,421,100,11,0.326,0.32,0.646
東北楽天ゴールデンイーグルス,松田 啄磨,投手,8,0,0,0,0,0,0,0,0,0,0,0,0,0,0,0,0,0
東北楽天ゴールデンイーグルス,西垣 雅矢,投手,106,0,0,0,0,0,0,0,0,0,0,0,0,0,0,0,0,0
東北楽天ゴールデンイーグルス,西口 直人,投手,173,0,0,0,0,0,0,0,0,0,0,0,0,0,0,0,0,0
東北楽天ゴールデンイーグルス,石原 彪,捕手,126,247,214,0.154,12,17,33,6,0,4,1,16,82,17,0,0.213,0.238,0.451
東北楽天ゴールデンイーグルス,浅村 栄斗,内野手,2044,8578,7399,0.276,1041,1166,2043,351,24,306,79,977,1552,45,77,0.363,0.454,0.817
東北楽天ゴールデンイーグルス,前田 健太,投手,219,509,436,0.147,20,27,64,15,1,2,0,15,157,55,3,0.174,0.2,0.374
東北楽天ゴールデンイーグルス,宋 家豪,投手,348,0,0,0,0,0,0,0,0,0,0,0,0,0,0,0,0,0
東北楽天ゴールデンイーグルス,早川 隆久,投手,97,14,13,0.154,1,0,2,0,0,0,0,1,6,0,0,0.214,0.154,0.368
東北楽天ゴールデンイーグルス,荘司 康誠,投手,39,2,2,0,0,0,0,0,0,0,0,0,0,0,0,0,0,0
東北楽天ゴールデンイーグルス,村林 一輝,内野手,581,1610,1459,0.249,146,139,363,44,5,12,26,77,279,53,12,0.288,0.31,0.599
東北楽天ゴールデンイーグルス,太田 光,捕手,609,1472,1202,0.202,118,112,243,43,5,16,6,126,323,113,7,0.289,0.286,0.575
東北楽天ゴールデンイーグルス,泰 勝利,投手,6,0,0,0,0,0,0,0,0,0,0,0,0,0,0,0,0,0
東北楽天ゴールデンイーグルス,大内 誠弥,投手,2,1,1,0,0,0,0,0,0,0,0,0,1,0,0,0,0,0
東北楽天ゴールデンイーグルス,瀧中 瞭太,投手,78,9,6,0,2,0,0,0,0,0,0,3,5,0,0,0.333,0,0.333
東北楽天ゴールデンイーグルス,辰己 涼介,外野手,902,3225,2806,0.256,357,263,719,101,29,59,98,295,683,55,16,0.337,0.376,0.713
東北楽天ゴールデンイーグルス,中込 陽翔,投手,7,0,0,0,0,0,0,0,0,0,0,0,0,0,0,0,0,0
東北楽天ゴールデンイーグルス,中島 大輔,外野手,161,619,585,0.258,69,41,151,19,6,7,23,19,96,8,2,0.286,0.347,0.633
東北楽天ゴールデンイーグルス,津留﨑 大成,投手,100,0,0,0,0,0,0,0,0,0,0,0,0,0,0,0,0,0
東北楽天ゴールデンイーグルス,田中 貴也,捕手,89,97,83,0.241,9,8,20,2,0,3,0,8,29,5,0,0.315,0.373,0.689
東北楽天ゴールデンイーグルス,田中 千晴,投手,34,2,2,0,0,0,0,0,0,0,0,0,1,0,0,0,0,0
東北楽天ゴールデンイーグルス,田中 和基,外野手,615,1229,1096,0.214,186,94,234,33,4,31,47,107,310,19,4,0.284,0.336,0.62
東北楽天ゴールデンイーグルス,渡辺 翔太,投手,126,0,0,0,0,0,0,0,0,0,0,0,0,0,0,0,0,0
東北楽天ゴールデンイーグルス,渡邊 佳明,内野手,364,998,887,0.242,69,95,215,22,4,3,2,68,148,30,11,0.294,0.286,0.581
東北楽天ゴールデンイーグルス,藤井 聖,投手,58,8,6,0.167,0,1,1,0,0,0,0,0,2,2,0,0.167,0.167,0.333
東北楽天ゴールデンイーグルス,藤平 尚真,投手,154,1,0,0,0,0,0,0,0,0,0,0,0,1,0,0,0,0
東北楽天ゴールデンイーグルス,内 星龍,投手,98,5,5,0,0,0,0,0,0,0,0,0,4,0,0,0,0,0
東北楽天ゴールデンイーグルス,入江 大樹,内野手,9,24,22,0.273,2,2,6,0,0,0,0,1,6,1,0,0.304,0.273,0.577
東北楽天ゴールデンイーグルス,武藤 敦貴,外野手,6,10,9,0.111,0,0,1,0,0,0,0,1,2,0,0,0.2,0.111,0.311
東北楽天ゴールデンイーグルス,平良 竜哉,内野手,42,63,58,0.207,14,9,12,1,0,4,2,2,6,1,0,0.258,0.431,0.689
東北楽天ゴールデンイーグルス,堀内 謙伍,捕手,175,376,329,0.204,25,33,67,5,4,3,2,24,86,20,1,0.261,0.271,0.532
東北楽天ゴールデンイーグルス,陽 柏翔,内野手,2,2,2,0.5,0,0,1,0,0,0,0,0,1,0,0,0.5,0.5,1
東北楽天ゴールデンイーグルス,鈴木 大地,内野手,1766,6829,5915,0.272,687,618,1608,284,52,84,39,544,744,173,51,0.345,0.38,0.725
東北楽天ゴールデンイーグルス,鈴木 翔天,投手,14,0,0,0,0,0,0,0,0,0,0,0,0,0,0,0,0,0
埼玉西武ライオンズ,Ｅ．ラミレス,投手,27,0,0,0,0,0,0,0,0,0,0,0,0,0,0,0,0,0
埼玉西武ライオンズ,ウィンゲンター,投手,49,0,0,0,0,0,0,0,0,0,0,0,0,0,0,0,0,0
埼玉西武ライオンズ,ネビン,内野手,137,570,509,0.277,51,63,141,24,0,21,2,45,78,0,5,0.346,0.448,0.794
埼玉西武ライオンズ,ボー・タカハシ,投手,92,0,0,0,0,0,0,0,0,0,0,0,0,0,0,0,0,0
埼玉西武ライオンズ,羽田 慎之介,投手,33,0,0,0,0,0,0,0,0,0,0,0,0,0,0,0,0,0
埼玉西武ライオンズ,奥村 光一,外野手,45,84,79,0.177,3,3,14,2,0,0,2,2,12,1,0,0.217,0.203,0.419
埼玉西武ライオンズ,外崎 修汰,内野手,1180,4620,4035,0.247,531,452,996,199,22,106,168,433,912,77,33,0.324,0.386,0.71
埼玉西武ライオンズ,岸 潤一郎,外野手,319,963,873,0.213,82,74,186,27,5,20,10,45,145,28,2,0.263,0.324,0.587
埼玉西武ライオンズ,隅田 知一郎,投手,87,11,10,0,0,0,0,0,0,0,0,0,6,1,0,0,0,0
埼玉西武ライオンズ,栗山 巧,外野手,2312,9062,7752,0.277,946,914,2150,406,30,128,85,1051,1400,102,75,0.366,0.387,0.753
埼玉西武ライオンズ,桑原 将志,外野手,1239,4405,3939,0.267,551,322,1053,222,25,74,99,305,698,86,12,0.329,0.393,0.722
埼玉西武ライオンズ,源田 壮亮,内野手,1115,4785,4281,0.265,525,285,1134,140,61,17,180,306,704,154,23,0.315,0.338,0.653
埼玉西武ライオンズ,古賀 悠斗,捕手,343,960,832,0.22,57,57,183,27,1,13,2,84,190,40,1,0.293,0.302,0.595
埼玉西武ライオンズ,古川 雄大,外野手,5,16,12,0.083,1,0,1,0,0,0,0,4,4,0,0,0.313,0.083,0.396
埼玉西武ライオンズ,甲斐野 央,投手,227,0,0,0,0,0,0,0,0,0,0,0,0,0,0,0,0,0
埼玉西武ライオンズ,黒田 将矢,投手,8,0,0,0,0,0,0,0,0,0,0,0,0,0,0,0,0,0
埼玉西武ライオンズ,黒木 優太,投手,164,1,1,0,0,0,0,0,0,0,0,0,1,0,0,0,0,0
埼玉西武ライオンズ,佐藤 太陽,内野手,13,34,30,0.167,2,3,5,1,1,0,0,2,7,1,0,0.242,0.267,0.509
埼玉西武ライオンズ,佐藤 隼輔,投手,124,3,3,0,0,0,0,0,0,0,0,0,2,0,0,0,0,0
埼玉西武ライオンズ,山村 崇嘉,内野手,133,469,426,0.235,31,46,100,13,2,8,1,28,79,4,7,0.284,0.331,0.615
埼玉西武ライオンズ,山田 陽翔,投手,49,0,0,0,0,0,0,0,0,0,0,0,0,0,0,0,0,0
埼玉西武ライオンズ,糸川 亮太,投手,26,0,0,0,0,0,0,0,0,0,0,0,0,0,0,0,0,0
埼玉西武ライオンズ,児玉 亮涼,内野手,148,243,219,0.201,23,13,44,7,4,0,8,13,48,8,1,0.251,0.269,0.52
埼玉西武ライオンズ,篠原 響,投手,2,0,0,0,0,0,0,0,0,0,0,0,0,0,0,0,0,0
埼玉西武ライオンズ,松本 航,投手,142,12,9,0,0,0,0,0,0,0,0,0,5,3,0,0,0,0
埼玉西武ライオンズ,上間 永遠,投手,5,1,1,0,0,0,0,0,0,0,0,0,1,0,0,0,0,0
埼玉西武ライオンズ,上田 大河,投手,21,0,0,0,0,0,0,0,0,0,0,0,0,0,0,0,0,0
埼玉西武ライオンズ,森脇 亮介,投手,195,2,2,0,0,0,0,0,0,0,0,0,2,0,0,0,0,0
埼玉西武ライオンズ,杉山 遙希,投手,2,0,0,0,0,0,0,0,0,0,0,0,0,0,0,0,0,0
埼玉西武ライオンズ,菅井 信也,投手,19,1,1,0,0,0,0,0,0,0,0,0,1,0,0,0,0,0
埼玉西武ライオンズ,西川 愛也,外野手,319,1058,971,0.235,106,81,228,42,5,17,38,56,166,12,8,0.282,0.341,0.623
埼玉西武ライオンズ,青山 美夏人,投手,47,0,0,0,0,0,0,0,0,0,0,0,0,0,0,0,0,0
埼玉西武ライオンズ,石井 一成,内野手,743,2186,1948,0.223,209,156,434,82,24,28,33,150,540,76,8,0.279,0.333,0.611
埼玉西武ライオンズ,村田 怜音,内野手,27,98,95,0.2,3,10,19,4,0,2,0,2,36,0,0,0.224,0.305,0.53
埼玉西武ライオンズ,滝澤 夏央,内野手,257,683,604,0.222,63,23,134,7,3,1,25,40,122,36,0,0.274,0.248,0.522
埼玉西武ライオンズ,炭谷 銀仁朗,捕手,1630,4509,4011,0.214,305,357,860,138,7,47,8,193,861,246,26,0.255,0.287,0.542
埼玉西武ライオンズ,茶野 篤政,外野手,110,413,376,0.239,43,29,90,9,1,1,12,19,89,8,2,0.289,0.277,0.565
埼玉西武ライオンズ,中村 剛也,内野手,2144,8275,7260,0.252,1056,1366,1830,361,13,481,28,851,2149,17,49,0.337,0.504,0.841
埼玉西武ライオンズ,中村 祐太,投手,89,54,47,0.128,2,3,6,1,0,0,0,2,13,5,0,0.163,0.149,0.312
埼玉西武ライオンズ,仲三 優太,外野手,5,10,9,0.222,0,5,2,0,1,0,0,0,6,0,1,0.2,0.444,0.644
埼玉西武ライオンズ,仲田 慶介,内野手,84,112,101,0.228,16,3,23,2,0,0,1,5,16,4,0,0.278,0.248,0.525
埼玉西武ライオンズ,長谷川 信哉,外野手,300,955,853,0.211,78,59,180,33,4,12,24,66,152,16,7,0.276,0.301,0.577
埼玉西武ライオンズ,柘植 世那,捕手,208,432,390,0.182,24,32,71,12,0,4,1,16,103,19,4,0.218,0.244,0.462
埼玉西武ライオンズ,渡部 聖弥,外野手,109,452,425,0.259,42,43,110,16,3,12,2,21,85,0,2,0.299,0.395,0.694
埼玉西武ライオンズ,渡邉 勇太朗,投手,59,4,4,0,0,0,0,0,0,0,0,0,2,0,0,0,0,0
埼玉西武ライオンズ,豆田 泰志,投手,34,0,0,0,0,0,0,0,0,0,0,0,0,0,0,0,0,0
埼玉西武ライオンズ,蛭間 拓哉,外野手,131,492,446,0.222,33,36,99,14,1,3,3,24,88,14,3,0.268,0.278,0.546
埼玉西武ライオンズ,浜屋 将太,投手,37,0,0,0,0,0,0,0,0,0,0,0,0,0,0,0,0,0
埼玉西武ライオンズ,武内 夏暉,投手,33,7,3,0,0,1,0,0,0,0,0,1,3,2,1,0.2,0,0.2
埼玉西武ライオンズ,平沢 大河,内野手,313,862,727,0.187,85,57,136,24,5,10,13,99,219,24,5,0.289,0.275,0.564
埼玉西武ライオンズ,平良 海馬,投手,302,6,6,0,0,0,0,0,0,0,0,0,4,0,0,0,0,0
埼玉西武ライオンズ,牧野 翔矢,捕手,50,119,110,0.164,6,2,18,0,2,0,1,4,39,5,0,0.193,0.2,0.393
埼玉西武ライオンズ,野村 大樹,捕手,153,421,378,0.217,29,39,82,19,5,6,2,28,98,7,4,0.275,0.341,0.617
埼玉西武ライオンズ,齋藤 大翔,内野手,4,12,11,0.091,0,0,1,0,0,0,0,1,3,0,0,0.167,0.091,0.258
埼玉西武ライオンズ,與座 海人,投手,81,12,10,0,0,0,0,0,0,0,0,1,8,1,0,0.091,0,0.091
埼玉西武ライオンズ,髙橋 光成,投手,196,19,16,0.063,0,0,1,0,0,0,0,0,12,3,0,0.063,0.063,0.125
埼玉西武ライオンズ,髙松 渡,内野手,218,164,151,0.199,55,4,30,1,0,0,38,3,52,8,1,0.218,0.205,0.423
オリックス・バファローズ,エスピノーザ,投手,45,5,5,0,0,0,0,0,0,0,0,0,4,0,0,0,0,0
オリックス・バファローズ,マチャド,投手,111,0,0,0,0,0,0,0,0,0,0,0,0,0,0,0,0,0
オリックス・バファローズ,ペルドモ,投手,140,0,0,0,0,0,0,0,0,0,0,0,0,0,0,0,0,0
オリックス・バファローズ,ジェリー,投手,5,0,0,0,0,0,0,0,0,0,0,0,0,0,0,0,0,0
オリックス・バファローズ,阿部 翔太,投手,1,0,0,0,0,0,0,0,0,0,0,0,0,0,0,0,0,0
オリックス・バファローズ,宇田川 優希,投手,78,0,0,0,0,0,0,0,0,0,0,0,0,0,0,0,0,0
オリックス・バファローズ,横山 聖哉,内野手,14,42,42,0.143,2,0,6,1,0,0,0,0,17,0,0,0.143,0.167,0.31
オリックス・バファローズ,横山 楓,投手,7,0,0,0,0,0,0,0,0,0,0,0,0,0,0,0,0,0
オリックス・バファローズ,岩嵜 翔,投手,362,9,8,0,0,0,0,0,0,0,0,0,6,1,0,0,0,0
オリックス・バファローズ,宜保 翔,内野手,158,284,256,0.238,20,14,61,10,0,0,2,12,52,12,2,0.276,0.277,0.553
オリックス・バファローズ,吉田 輝星,投手,119,3,3,0,0,0,0,0,0,0,0,0,1,0,0,0,0,0
オリックス・バファローズ,宮城 大弥,投手,115,18,17,0.176,0,1,3,0,0,0,0,1,8,0,0,0.222,0.176,0.399
オリックス・バファローズ,九里 亜蓮,投手,285,381,317,0.035,5,4,11,0,0,0,0,7,201,56,1,0.055,0.035,0.09
オリックス・バファローズ,権田 琉成,投手,9,0,0,0,0,0,0,0,0,0,0,0,0,0,0,0,0,0
オリックス・バファローズ,元 謙太,外野手,41,27,23,0.174,7,1,4,0,0,0,0,2,9,2,0,0.24,0.174,0.414
オリックス・バファローズ,古田島 成龍,投手,70,0,0,0,0,0,0,0,0,0,0,0,0,0,0,0,0,0
オリックス・バファローズ,紅林 弘太郎,内野手,650,2438,2223,0.247,178,202,548,106,6,35,9,139,370,35,22,0.294,0.347,0.64
オリックス・バファローズ,香月 一也,内野手,109,194,183,0.18,18,13,33,5,0,4,0,6,40,3,0,0.215,0.273,0.488
オリックス・バファローズ,佐藤 一磨,投手,8,2,2,0,0,0,0,0,0,0,0,0,1,0,0,0,0,0
オリックス・バファローズ,才木 海翔,投手,53,0,0,0,0,0,0,0,0,0,0,0,0,0,0,0,0,0
オリックス・バファローズ,山岡 泰輔,投手,204,19,19,0,0,0,0,0,0,0,0,0,13,0,0,0,0,0
オリックス・バファローズ,山下 舜平大,投手,34,2,2,0.5,1,0,1,0,0,0,0,0,1,0,0,0.5,0.5,1
オリックス・バファローズ,山口 廉王,投手,1,0,0,0,0,0,0,0,0,0,0,0,0,0,0,0,0,0
オリックス・バファローズ,山中 稜真,捕手,19,52,49,0.122,2,3,6,1,1,1,0,3,9,0,0,0.173,0.245,0.418
オリックス・バファローズ,山田 修義,投手,314,1,0,0,0,0,0,0,0,0,0,0,0,1,0,0,0,0
オリックス・バファローズ,山﨑 颯一郎,投手,112,0,0,0,0,0,0,0,0,0,0,0,0,0,0,0,0,0
オリックス・バファローズ,寺西 成騎,投手,11,0,0,0,0,0,0,0,0,0,0,0,0,0,0,0,0,0
オリックス・バファローズ,若月 健矢,捕手,966,2744,2423,0.232,192,201,561,101,8,30,13,112,534,163,10,0.275,0.317,0.592
オリックス・バファローズ,宗 佑磨,内野手,831,3102,2754,0.249,290,215,686,117,19,36,36,210,424,60,14,0.316,0.345,0.66
オリックス・バファローズ,小木田 敦也,投手,67,0,0,0,0,0,0,0,0,0,0,0,0,0,0,0,0,0
オリックス・バファローズ,森 友哉,捕手,1203,4723,4087,0.285,559,573,1166,259,18,130,35,549,830,8,38,0.372,0.453,0.825
オリックス・バファローズ,杉本 裕太郎,外野手,612,2265,2026,0.255,231,289,517,75,7,99,11,174,598,1,15,0.327,0.446,0.772
オリックス・バファローズ,杉澤 龍,外野手,44,42,39,0.128,0,2,5,1,0,0,0,0,12,3,0,0.128,0.154,0.282
オリックス・バファローズ,西川 龍馬,外野手,1055,3935,3629,0.295,417,427,1069,182,15,76,48,234,581,33,24,0.338,0.416,0.754
オリックス・バファローズ,西野 真弘,内野手,707,2500,2221,0.266,251,174,591,75,23,16,44,188,259,68,8,0.326,0.342,0.669
オリックス・バファローズ,石川 亮,捕手,235,395,350,0.186,18,23,65,12,1,0,0,14,97,28,2,0.218,0.226,0.444
オリックス・バファローズ,川瀬 堅斗,投手,31,0,0,0,0,0,0,0,0,0,0,0,0,0,0,0,0,0
オリックス・バファローズ,前 佑囲斗,投手,6,0,0,0,0,0,0,0,0,0,0,0,0,0,0,0,0,0
オリックス・バファローズ,曽谷 龍平,投手,51,5,5,0,0,0,0,0,0,0,0,0,3,0,0,0,0,0
オリックス・バファローズ,太田 椋,内野手,333,1272,1151,0.257,114,118,296,39,3,25,5,79,268,23,8,0.309,0.361,0.67
オリックス・バファローズ,大城 滉二,内野手,745,1980,1730,0.235,181,130,407,61,6,13,47,119,353,107,3,0.292,0.3,0.592
オリックス・バファローズ,池田 陵真,外野手,26,82,77,0.182,4,1,14,1,0,0,1,4,21,0,0,0.232,0.195,0.427
オリックス・バファローズ,中川 圭太,内野手,641,2447,2243,0.262,271,227,588,119,18,40,42,144,352,29,16,0.309,0.385,0.694
オリックス・バファローズ,田嶋 大樹,投手,138,12,11,0,1,0,0,0,0,0,0,1,7,0,0,0.083,0,0.083
オリックス・バファローズ,渡部 遼人,外野手,164,166,134,0.164,22,10,22,4,0,0,9,17,28,12,1,0.266,0.194,0.46
オリックス・バファローズ,東 晃平,投手,30,8,8,0,0,0,0,0,0,0,0,0,6,0,0,0,0,0
オリックス・バファローズ,東松 快征,投手,7,0,0,0,0,0,0,0,0,0,0,0,0,0,0,0,0,0
オリックス・バファローズ,頓宮 裕真,捕手,490,1790,1592,0.249,151,196,397,79,1,57,1,151,332,3,15,0.323,0.408,0.731
オリックス・バファローズ,内藤 鵬,内野手,7,21,20,0.1,0,0,2,1,0,0,0,0,9,0,0,0.143,0.15,0.293
オリックス・バファローズ,入山 海斗,投手,15,0,0,0,0,0,0,0,0,0,0,0,0,0,0,0,0,0
オリックス・バファローズ,博志,投手,161,7,7,0,0,0,0,0,0,0,0,0,4,0,0,0,0,0
オリックス・バファローズ,麦谷 祐介,外野手,79,153,134,0.231,23,10,31,4,2,1,12,16,39,1,1,0.316,0.313,0.629
オリックス・バファローズ,富山 凌雅,投手,99,0,0,0,0,0,0,0,0,0,0,0,0,0,0,0,0,0
オリックス・バファローズ,福永 奨,捕手,62,109,100,0.15,6,6,15,2,1,1,0,5,33,1,1,0.204,0.22,0.424
オリックス・バファローズ,平沼 翔太,外野手,6,1,1,0,0,0,0,0,0,0,0,0,0,0,0,0,0,0
オリックス・バファローズ,平野 佳寿,投手,700,21,21,0.095,0,0,2,0,0,0,0,0,11,0,0,0.095,0.095,0.19
オリックス・バファローズ,片山 楽生,投手,4,0,0,0,0,0,0,0,0,0,0,0,0,0,0,0,0,0
オリックス・バファローズ,堀 柊那,捕手,3,3,3,0.333,0,0,1,0,0,0,0,0,1,0,0,0.333,0.333,0.667
オリックス・バファローズ,本田 仁海,投手,96,0,0,0,0,0,0,0,0,0,0,0,0,0,0,0,0,0
オリックス・バファローズ,椋木 蓮,投手,26,0,0,0,0,0,0,0,0,0,0,0,0,0,0,0,0,0
オリックス・バファローズ,野口 智哉,内野手,175,518,463,0.21,48,29,97,23,4,5,4,37,152,6,0,0.285,0.309,0.594
オリックス・バファローズ,来田 涼斗,外野手,141,438,398,0.209,35,24,83,15,2,6,10,24,131,10,2,0.259,0.302,0.561
オリックス・バファローズ,廣岡 大志,内野手,574,1430,1257,0.22,153,123,277,47,6,35,19,131,365,23,11,0.296,0.351,0.646
オリックス・バファローズ,齋藤 響介,投手,9,4,4,0,0,0,0,0,0,0,0,0,4,0,0,0,0,0
オリックス・バファローズ,髙島 泰都,投手,43,1,1,0,0,0,0,0,0,0,0,0,1,0,0,0,0,0
千葉ロッテマリーンズ,ジャクソン,投手,50,102,83,0.072,2,6,6,0,0,1,0,5,55,14,0,0.125,0.108,0.233
千葉ロッテマリーンズ,ポランコ,外野手,420,1603,1440,0.237,158,206,342,60,1,78,2,149,322,0,11,0.308,0.443,0.751
千葉ロッテマリーンズ,ソト,内野手,31,106,98,0.235,8,6,23,4,0,2,0,7,25,0,0,0.292,0.337,0.629
千葉ロッテマリーンズ,アセベド,外野手,5,12,11,0.182,1,2,2,0,0,1,0,1,3,0,0,0.25,0.455,0.705
千葉ロッテマリーンズ,ロング,投手,13,0,0,0,0,0,0,0,0,0,0,0,0,0,0,0,0,0
千葉ロッテマリーンズ,愛斗,外野手,420,1152,1073,0.217,92,92,233,59,2,21,12,33,224,28,5,0.248,0.335,0.583
千葉ロッテマリーンズ,安田 尚憲,内野手,634,2355,2076,0.238,164,246,494,113,3,33,6,244,502,0,23,0.318,0.343,0.661
千葉ロッテマリーンズ,井上 広大,外野手,45,111,106,0.189,8,16,20,5,1,3,2,5,47,0,0,0.225,0.34,0.565
千葉ロッテマリーンズ,一條 力真,投手,1,0,0,0,0,0,0,0,0,0,0,0,0,0,0,0,0,0
千葉ロッテマリーンズ,益田 直也,投手,769,2,2,0,0,0,0,0,0,0,0,0,2,0,0,0,0,0
千葉ロッテマリーンズ,横山 陸人,投手,142,0,0,0,0,0,0,0,0,0,0,0,0,0,0,0,0,0
千葉ロッテマリーンズ,岡 大海,外野手,953,2536,2195,0.246,340,204,541,108,10,43,120,220,490,50,12,0.33,0.364,0.693
千葉ロッテマリーンズ,河村 説人,投手,28,2,2,0.5,0,0,1,0,0,0,0,0,1,0,0,0.5,0.5,1
千葉ロッテマリーンズ,角中 勝也,外野手,1504,5529,4797,0.28,567,564,1344,250,42,70,67,589,748,46,46,0.362,0.394,0.755
千葉ロッテマリーンズ,菊地 吏玖,投手,42,0,0,0,0,0,0,0,0,0,0,0,0,0,0,0,0,0
千葉ロッテマリーンズ,吉川 悠斗,投手,2,0,0,0,0,0,0,0,0,0,0,0,0,0,0,0,0,0
千葉ロッテマリーンズ,宮崎 竜成,内野手,39,110,98,0.194,7,3,19,3,0,0,1,3,31,5,0,0.248,0.224,0.472
千葉ロッテマリーンズ,宮﨑 颯,投手,2,0,0,0,0,0,0,0,0,0,0,0,0,0,0,0,0,0
千葉ロッテマリーンズ,高野 脩汰,投手,50,1,1,0,0,0,0,0,0,0,0,0,0,0,0,0,0,0
千葉ロッテマリーンズ,佐藤 都志也,捕手,527,1638,1452,0.232,130,146,337,58,3,29,15,113,256,41,16,0.292,0.336,0.628
千葉ロッテマリーンズ,坂井 遼,投手,1,0,0,0,0,0,0,0,0,0,0,0,0,0,0,0,0,0
千葉ロッテマリーンズ,坂本 光士郎,投手,166,1,1,0,0,0,0,0,0,0,0,0,1,0,0,0,0,0
千葉ロッテマリーンズ,山口 航輝,外野手,381,1344,1221,0.228,127,171,278,48,1,48,3,106,326,0,7,0.293,0.387,0.68
千葉ロッテマリーンズ,山本 大斗,外野手,116,445,412,0.199,40,33,82,19,0,11,2,25,122,1,1,0.255,0.325,0.58
千葉ロッテマリーンズ,山﨑 剛,内野手,326,855,743,0.221,97,66,164,26,16,10,41,69,166,31,3,0.294,0.339,0.633
千葉ロッテマリーンズ,寺地 隆成,捕手,118,452,421,0.254,33,33,107,17,0,5,0,19,71,3,2,0.296,0.33,0.626
千葉ロッテマリーンズ,種市 篤暉,投手,111,12,9,0,0,0,0,0,0,0,0,0,6,3,0,0,0,0
千葉ロッテマリーンズ,小川 龍成,内野手,379,714,603,0.242,83,43,146,8,0,1,30,59,129,43,4,0.312,0.26,0.572
千葉ロッテマリーンズ,小島 和哉,投手,155,15,12,0,0,0,0,0,0,0,0,1,7,2,0,0.077,0,0.077
千葉ロッテマリーンズ,小野 郁,投手,232,0,0,0,0,0,0,0,0,0,0,0,0,0,0,0,0,0
千葉ロッテマリーンズ,松川 虎生,捕手,93,243,213,0.169,13,15,36,5,0,0,1,20,70,9,1,0.239,0.192,0.432
千葉ロッテマリーンズ,上田 希由翔,内野手,87,248,224,0.223,21,27,50,14,0,3,0,17,45,2,2,0.285,0.326,0.61
千葉ロッテマリーンズ,植田 将太,捕手,9,8,8,0.125,0,0,1,0,0,0,0,0,2,0,0,0.125,0.125,0.25
千葉ロッテマリーンズ,森 遼大朗,投手,10,0,0,0,0,0,0,0,0,0,0,0,0,0,0,0,0,0
千葉ロッテマリーンズ,西川 史礁,外野手,108,444,417,0.281,42,37,117,27,3,3,1,16,85,0,3,0.318,0.381,0.699
千葉ロッテマリーンズ,西野 勇士,投手,4,0,0,0,0,0,0,0,0,0,0,0,0,0,0,0,0,0
千葉ロッテマリーンズ,石垣 勝海,内野手,151,193,176,0.136,13,8,24,5,0,4,2,9,64,8,0,0.178,0.233,0.411
千葉ロッテマリーンズ,石川 慎吾,外野手,9,28,24,0.125,2,5,3,0,0,1,0,3,12,0,0,0.25,0.25,0.5
千葉ロッテマリーンズ,石川 柊太,投手,204,19,19,0.053,0,0,1,0,0,0,0,0,10,0,0,0.053,0.053,0.105
千葉ロッテマリーンズ,早坂 響,投手,9,0,0,0,0,0,0,0,0,0,0,0,0,0,0,0,0,0
千葉ロッテマリーンズ,大谷 輝龍,投手,1,0,0,0,0,0,0,0,0,0,0,0,0,0,0,0,0,0
千葉ロッテマリーンズ,池田 来翔,内野手,155,435,398,0.224,42,29,89,20,1,7,2,18,75,9,3,0.268,0.332,0.599
千葉ロッテマリーンズ,茶谷 健太,内野手,299,479,432,0.241,44,24,104,14,2,1,4,27,92,13,2,0.292,0.289,0.581
千葉ロッテマリーンズ,中森 俊介,投手,43,0,0,0,0,0,0,0,0,0,0,0,0,0,0,0,0,0
千葉ロッテマリーンズ,中村 奨吾,内野手,1268,4952,4260,0.248,548,456,1058,214,12,90,108,469,838,97,35,0.333,0.368,0.701
千葉ロッテマリーンズ,中村 亮太,投手,3,0,0,0,0,0,0,0,0,0,0,0,0,0,0,0,0,0
千葉ロッテマリーンズ,田村 龍弘,捕手,990,2930,2524,0.22,196,256,555,95,17,20,19,233,537,137,24,0.286,0.295,0.581
千葉ロッテマリーンズ,田中 晴也,投手,6,0,0,0,0,0,0,0,0,0,0,0,0,0,0,0,0,0
千葉ロッテマリーンズ,唐川 侑己,投手,350,25,23,0,0,0,0,0,0,0,0,0,15,2,0,0,0,0
千葉ロッテマリーンズ,東妻 勇輔,投手,125,0,0,0,0,0,0,0,0,0,0,0,0,0,0,0,0,0
千葉ロッテマリーンズ,藤岡 裕大,内野手,780,2955,2541,0.248,263,210,631,113,13,24,43,285,493,98,15,0.326,0.331,0.657
千葉ロッテマリーンズ,藤原 恭大,外野手,443,1581,1415,0.25,150,105,354,54,13,18,44,114,314,25,8,0.313,0.345,0.658
千葉ロッテマリーンズ,八木 彬,投手,61,0,0,0,0,0,0,0,0,0,0,0,0,0,0,0,0,0
千葉ロッテマリーンズ,本前 郁也,投手,21,3,3,0,0,0,0,0,0,0,0,0,2,0,0,0,0,0
千葉ロッテマリーンズ,木村 優人,投手,22,1,1,0,0,0,0,0,0,0,0,0,1,0,0,0,0,0
千葉ロッテマリーンズ,友杉 篤輝,内野手,305,921,818,0.225,82,39,184,28,2,1,27,41,128,54,5,0.263,0.268,0.531
千葉ロッテマリーンズ,立松 由宇,内野手,4,6,6,0,0,0,0,0,0,0,0,0,3,0,0,0,0,0
千葉ロッテマリーンズ,鈴木 昭汰,投手,122,1,1,0,0,0,0,0,0,0,0,0,0,0,0,0,0,0
千葉ロッテマリーンズ,和田 康士朗,外野手,421,320,272,0.213,115,20,58,8,2,3,89,30,90,10,2,0.303,0.29,0.594
千葉ロッテマリーンズ,廣池 康志郎,投手,18,0,0,0,0,0,0,0,0,0,0,0,0,0,0,0,0,0
千葉ロッテマリーンズ,廣畑 敦也,投手,54,0,0,0,0,0,0,0,0,0,0,0,0,0,0,0,0,0
千葉ロッテマリーンズ,澤田 圭佑,投手,13,0,0,0,0,0,0,0,0,0,0,0,0,0,0,0,0,0
千葉ロッテマリーンズ,髙部 瑛斗,外野手,384,1417,1277,0.273,165,103,349,46,16,7,80,80,231,40,10,0.319,0.351,0.67