所属正式名,選手名,主ポジション,登板,先発,完投,完封勝,無四球,勝利,敗北,セーブ,ホールド,HP,投球回,防御率,WHIP,勝率,打者,安打,被打率,失点,自責点,被本塁打,奪三振,与四球,故意四,与死球,暴投,ボーク
読売ジャイアンツ,バルドナード,投手,98,0,0,0,0,5,4,9,39,44,86.2,2.39,1.281,0.556,365,63,0.1726027397,25,23,3,97,48,1,0,3,0
読売ジャイアンツ,ルシアーノ,投手,11,0,0,0,0,0,1,0,6,6,11,3.27,1.182,0,44,7,0.1590909091,4,4,2,8,6,0,0,0,0
読売ジャイアンツ,マルティネス,投手,372,4,0,0,0,17,21,222,45,61,377.2,1.64,0.871,0.447,1453,246,0.1693048864,73,69,16,429,83,10,11,5,2
読売ジャイアンツ,ハワード,投手,11,11,0,0,0,5,2,0,0,0,58,2.48,1.19,0.714,239,51,0.2133891213,18,16,1,50,18,1,2,0,1
読売ジャイアンツ,井上 温大,投手,56,43,0,0,0,13,15,0,2,3,244.1,3.9,1.256,0.464,1032,251,0.2432170543,114,106,26,237,56,2,6,3,0
読売ジャイアンツ,横川 凱,投手,62,31,0,0,0,9,11,0,1,5,195.2,3.13,1.221,0.45,802,185,0.2306733167,72,68,18,107,54,1,7,2,1
読売ジャイアンツ,宮原 駿介,投手,15,0,0,0,0,0,0,0,2,2,15.2,3.45,1.149,0,63,13,0.2063492063,6,6,2,14,5,1,0,0,0
読売ジャイアンツ,京本 眞,投手,4,0,0,0,0,0,0,0,0,0,5,3.6,1.2,0,20,4,0.2,2,2,0,3,2,1,1,0,0
読売ジャイアンツ,戸郷 翔征,投手,143,140,12,6,3,63,44,0,0,3,900.2,2.92,1.161,0.589,3697,763,0.2063835542,308,292,77,793,283,7,33,14,0
読売ジャイアンツ,高梨 雄平,投手,449,0,0,0,0,15,13,4,163,178,339,2.52,1.218,0.536,1452,249,0.1714876033,118,95,16,364,164,21,34,5,3
読売ジャイアンツ,山田 龍聖,投手,2,0,0,0,0,0,0,0,0,0,4,4.5,1,0,15,3,0.2,2,2,1,1,1,0,1,0,0
読売ジャイアンツ,松浦 慶斗,投手,6,0,0,0,0,0,1,0,1,1,5,5.4,2.6,0,28,6,0.2142857143,5,3,0,5,7,0,0,0,0
読売ジャイアンツ,森田 駿哉,投手,9,7,0,0,0,3,4,0,0,0,37.2,3.58,1.301,0.429,162,35,0.2160493827,19,15,4,25,14,2,1,1,0
読売ジャイアンツ,西舘 勇陽,投手,43,8,0,0,0,3,6,1,21,22,84,4.07,1.25,0.333,354,80,0.2259887006,40,38,8,70,25,1,2,1,0
読売ジャイアンツ,石川 達也,投手,87,6,0,0,0,5,4,0,8,12,110.1,2.37,1.187,0.556,457,92,0.2013129103,33,29,6,91,39,3,5,4,0
読売ジャイアンツ,赤星 優志,投手,86,56,1,1,1,17,26,0,6,6,343,3.23,1.169,0.395,1407,327,0.2324093817,147,123,33,247,74,5,15,1,0
読売ジャイアンツ,泉 圭輔,投手,2,0,0,0,0,0,0,0,0,0,2,0,1.5,0,8,2,0.25,0,0,0,1,1,0,0,0,0
読売ジャイアンツ,船迫 大雅,投手,157,0,0,0,0,9,5,0,53,62,126,2.71,0.992,0.643,500,88,0.176,40,38,16,107,37,10,10,2,0
読売ジャイアンツ,増田 大輝,内野手,1,0,0,0,0,0,0,0,0,0,0.2,0,1.5,0,3,0,0,0,0,0,0,1,0,0,0,0
読売ジャイアンツ,則本 昂大,投手,373,259,32,12,7,120,99,48,14,22,1838,3.12,1.177,0.548,7613,1685,0.2213319322,724,637,143,1804,479,10,49,50,2
読売ジャイアンツ,代木 大和,投手,13,0,0,0,0,0,0,0,0,0,16.2,5.4,1.74,0,76,23,0.3026315789,10,10,2,15,6,0,2,0,0
読売ジャイアンツ,大勢,投手,189,0,0,0,0,13,9,81,60,73,183.2,2.16,1.007,0.591,742,139,0.1873315364,48,44,15,208,46,6,8,6,0
読売ジャイアンツ,中川 皓太,投手,334,1,0,0,0,14,17,38,120,134,328,2.94,1.198,0.452,1369,318,0.2322863404,117,107,27,303,75,9,15,2,1
読売ジャイアンツ,田中 瑛斗,投手,72,6,0,0,0,2,7,0,36,37,83.2,3.66,1.458,0.222,367,83,0.2261580381,36,34,9,53,39,9,10,2,2
読売ジャイアンツ,田中 将大,投手,264,261,55,19,12,125,73,3,0,0,1858.2,2.72,1.146,0.631,7599,1725,0.2270035531,612,562,120,1628,405,11,46,56,2
読売ジャイアンツ,田和 廉,投手,14,0,0,0,0,0,0,0,1,1,11.1,0,1.147,0,47,9,0.1914893617,0,0,0,6,4,0,1,0,0
読売ジャイアンツ,板東 湧梧,投手,114,19,2,1,0,10,11,1,22,26,216.1,2.91,1.188,0.476,898,172,0.1915367483,76,70,21,176,85,3,7,2,0
読売ジャイアンツ,平内 龍太,投手,110,1,0,0,0,6,9,0,17,23,117.2,4.28,1.334,0.4,500,128,0.256,61,56,14,83,29,1,4,4,0
読売ジャイアンツ,北浦 竜次,投手,11,0,0,0,0,0,0,0,2,2,9.2,10.24,1.552,0,43,13,0.3023255814,11,11,3,5,2,0,0,0,0
読売ジャイアンツ,堀田 賢慎,投手,38,18,0,0,0,5,7,0,0,1,115,4.23,1.313,0.417,477,107,0.2243186583,54,54,12,75,44,1,4,0,0
読売ジャイアンツ,又木 鉄平,投手,8,5,0,0,0,0,2,0,0,0,23.2,5.32,1.648,0,109,27,0.247706422,14,14,3,15,12,1,1,1,0
阪神タイガース,モレッタ,投手,14,0,0,0,0,2,1,0,5,7,12,6.75,1.333,0.667,52,10,0.1923076923,9,9,3,16,6,0,0,1,0
阪神タイガース,ドリス,投手,13,0,0,0,0,0,1,4,5,5,13,1.38,0.923,0,51,8,0.1568627451,2,2,0,17,4,0,0,1,0
阪神タイガース,伊原 陵人,投手,28,17,0,0,0,5,7,0,1,1,110,2.29,1.091,0.417,448,95,0.2120535714,36,28,4,81,25,2,2,1,1
阪神タイガース,伊藤 将司,投手,96,89,12,5,5,37,25,0,1,1,585.2,2.84,1.077,0.597,2339,526,0.2248824284,204,185,46,344,105,11,11,7,0
阪神タイガース,茨木 秀俊,投手,2,0,0,0,0,0,0,0,0,0,2.2,0,0.75,0,11,1,0.09090909091,0,0,0,1,1,0,0,0,0
阪神タイガース,岡留 英貴,投手,53,0,0,0,0,3,0,1,9,12,54.1,2.48,1.16,1,226,48,0.2123893805,19,15,2,32,15,2,2,0,0
阪神タイガース,岩崎 優,投手,565,45,0,0,0,36,46,126,157,182,754.2,2.74,1.174,0.439,3143,661,0.2103086223,275,230,54,694,225,15,29,17,0
阪神タイガース,岩貞 祐太,投手,303,93,3,2,0,43,44,0,59,74,705,3.55,1.252,0.494,2978,641,0.215245131,310,278,65,624,242,8,18,19,0
阪神タイガース,及川 雅貴,投手,148,6,1,0,0,12,10,1,63,74,167.2,2.2,1.097,0.545,678,119,0.1755162242,48,41,11,167,65,11,6,8,1
阪神タイガース,桐敷 拓馬,投手,14,0,0,0,0,0,1,1,7,7,12.1,5.84,1.297,0,54,14,0.2592592593,8,8,2,5,2,0,1,0,0
阪神タイガース,工藤 泰成,投手,18,0,0,0,0,0,2,0,1,1,16.1,3.31,1.531,0,72,12,0.1666666667,7,6,0,16,13,0,1,2,0
阪神タイガース,才木 浩人,投手,104,92,9,7,3,45,26,0,3,4,590.1,2.18,1.133,0.634,2417,494,0.204385602,157,143,34,511,175,7,8,13,0
阪神タイガース,小川 一平,投手,46,4,0,0,0,1,2,0,2,3,67,4.03,1.313,0.333,284,59,0.2077464789,34,30,6,59,29,4,3,6,0
阪神タイガース,西 純矢,外野手,37,26,2,0,2,12,7,0,0,0,164.1,3.23,1.29,0.632,687,155,0.2256186317,62,59,16,107,57,1,4,2,0
阪神タイガース,西 勇輝,投手,343,316,29,13,9,124,109,1,1,2,2069,3.1,1.161,0.532,8537,1917,0.2245519503,780,713,142,1484,486,21,105,22,2
阪神タイガース,石井 大智,投手,189,0,0,0,0,6,4,10,85,91,183,1.43,1.016,0.6,722,142,0.1966759003,37,29,7,169,44,10,4,10,0
阪神タイガース,石黒 佑弥,投手,6,0,0,0,0,0,0,0,0,0,10,4.5,1.2,0,43,9,0.2093023256,5,5,1,15,3,0,1,0,0
阪神タイガース,早川 太貴,投手,3,2,0,0,0,2,0,0,0,0,11.1,0,0.882,1,42,8,0.1904761905,0,0,0,5,2,0,1,0,1
阪神タイガース,村上 頌樹,投手,82,79,7,4,4,32,25,0,1,1,523.2,2.32,0.953,0.561,2055,410,0.199513382,153,135,31,445,89,7,11,9,1
阪神タイガース,大竹 耕太郎,投手,96,92,3,2,1,42,22,0,1,1,555.2,3.09,1.119,0.656,2244,529,0.2357397504,199,191,44,343,93,3,18,4,1
阪神タイガース,津田 淳哉,投手,1,0,0,0,0,0,0,0,0,0,1,0,1,0,3,0,0,0,0,0,0,1,0,0,0,0
阪神タイガース,椎葉 剛,投手,4,0,0,0,0,0,0,0,0,0,5,0,1.2,0,22,3,0.1363636364,0,0,0,3,3,0,0,0,0
阪神タイガース,湯浅 京己,投手,117,0,0,0,0,6,9,8,68,74,111,2.43,1.135,0.4,453,89,0.1964679912,32,30,5,111,37,2,2,5,0
阪神タイガース,畠 世周,投手,133,36,1,1,0,19,12,2,23,30,306,3.12,1.141,0.613,1247,252,0.202085004,117,106,34,271,97,4,11,6,1
阪神タイガース,富田 蓮,投手,51,6,0,0,0,2,3,0,4,5,75,2.28,1.053,0.4,303,66,0.2178217822,26,19,3,42,13,1,2,3,1
阪神タイガース,木下 里都,投手,11,0,0,0,0,0,0,0,1,1,13.2,3.29,1.463,0,59,18,0.3050847458,7,5,0,12,2,1,0,1,0
阪神タイガース,門別 啓人,投手,19,11,0,0,0,2,5,0,0,0,64.2,4.31,1.593,0.286,289,83,0.2871972318,33,31,6,41,20,1,3,2,0
阪神タイガース,髙橋 遥人,投手,57,56,3,2,2,21,20,0,1,1,342.1,2.79,1.139,0.512,1399,304,0.2172980701,130,106,21,358,86,4,2,7,0
横浜DeNAベイスターズ,マルセリーノ,投手,2,0,0,0,0,0,0,0,0,0,1.1,13.5,3,0,9,1,0.1111111111,2,2,0,3,3,0,1,0,0
横浜DeNAベイスターズ,デュプランティエ,投手,17,17,2,2,0,6,5,0,0,0,99.2,1.54,0.863,0.545,389,61,0.1568123393,23,17,1,119,25,1,6,3,0
横浜DeNAベイスターズ,伊勢 大夢,投手,293,1,0,0,0,12,19,16,132,144,274,2.59,1.153,0.387,1111,238,0.2142214221,85,79,17,275,78,11,11,5,0
横浜DeNAベイスターズ,岩田 将貴,投手,3,0,0,0,0,0,0,0,0,0,1,18,3,0,7,2,0.2857142857,2,2,0,0,1,0,1,0,0
横浜DeNAベイスターズ,吉野 光樹,投手,9,9,0,0,0,3,2,0,0,0,39,4.38,1.487,0.6,172,42,0.2441860465,20,19,7,37,16,0,1,1,0
横浜DeNAベイスターズ,宮城 滝太,投手,62,0,0,0,0,4,1,0,17,21,70,2.83,1.229,0.8,292,57,0.1952054795,25,22,3,64,29,2,1,2,0
横浜DeNAベイスターズ,橋本 達弥,投手,7,0,0,0,0,1,0,0,0,1,7.2,3.52,1.957,1,37,6,0.1621621622,3,3,0,9,9,1,0,0,0
横浜DeNAベイスターズ,佐々木 千隼,投手,154,20,1,0,0,18,14,2,37,49,265.2,3.32,1.317,0.563,1125,235,0.2088888889,108,98,22,179,115,6,9,5,1
横浜DeNAベイスターズ,坂本 裕哉,投手,151,37,0,0,0,13,16,0,19,24,283.2,4.63,1.438,0.448,1238,310,0.2504038772,158,146,35,196,98,9,13,11,0
横浜DeNAベイスターズ,山﨑 康晃,投手,563,1,0,0,0,22,39,232,94,116,541.1,2.86,1.134,0.361,2215,467,0.2108352144,195,172,48,535,147,11,10,12,2
横浜DeNAベイスターズ,篠木 健太郎,投手,3,0,0,0,0,0,1,0,1,1,5.1,10.13,1.875,0,27,6,0.2222222222,6,6,1,3,4,0,1,0,0
横浜DeNAベイスターズ,若松 尚輝,投手,7,0,0,0,0,0,0,0,0,0,8,7.88,1.875,0,36,14,0.3888888889,7,7,1,3,1,0,0,0,0
横浜DeNAベイスターズ,小園 健太,投手,2,2,0,0,0,1,1,0,0,0,7.2,9.39,2.217,0.5,39,10,0.2564102564,8,8,1,7,7,0,0,0,0
横浜DeNAベイスターズ,松本 隆之介,投手,1,1,0,0,0,0,0,0,0,0,5,3.6,1.8,0,22,6,0.2727272727,2,2,0,4,3,0,0,0,0
横浜DeNAベイスターズ,松本 凌人,投手,14,0,0,0,0,0,0,0,1,1,14.1,6.28,1.744,0,69,15,0.2173913043,10,10,0,4,10,1,2,1,1
横浜DeNAベイスターズ,森原 康平,投手,317,0,0,0,0,12,19,50,81,93,308,3.19,1.143,0.387,1274,276,0.2166405024,115,109,22,278,76,11,6,2,1
横浜DeNAベイスターズ,石田 健大,投手,247,121,0,0,0,39,46,0,37,42,809.1,3.48,1.218,0.459,3356,740,0.2205005959,341,313,92,737,246,19,16,28,1
横浜DeNAベイスターズ,石田 裕太郎,投手,39,31,2,2,1,9,11,0,1,1,186.1,3.48,1.197,0.45,769,184,0.2392717815,81,72,14,165,39,4,1,4,0
横浜DeNAベイスターズ,竹田 祐,投手,10,10,0,0,0,5,3,0,0,0,55.2,3.23,1.06,0.625,221,43,0.1945701357,26,20,7,38,16,1,1,0,0
横浜DeNAベイスターズ,中川 虎大,投手,103,8,0,0,0,4,8,1,19,23,127.1,3.89,1.327,0.333,541,119,0.2199630314,58,55,15,123,50,4,2,4,0
横浜DeNAベイスターズ,中川 颯,投手,62,6,0,0,0,3,1,1,7,8,88.2,3.65,1.455,0.75,395,106,0.2683544304,39,36,5,56,23,2,8,0,0
横浜DeNAベイスターズ,島田 舜也,投手,1,1,0,0,0,0,0,0,0,0,5,3.6,1,0,20,3,0.15,2,2,0,1,2,0,0,1,0
横浜DeNAベイスターズ,東 克樹,投手,120,117,9,5,6,60,30,0,0,0,778.1,2.43,1.074,0.667,3135,702,0.223923445,232,210,63,643,134,7,17,4,0
横浜DeNAベイスターズ,藤浪 晋太郎,投手,195,158,12,6,1,58,54,0,11,13,1016.1,3.43,1.352,0.518,4411,906,0.2053956019,465,387,62,1030,468,2,57,59,2
横浜DeNAベイスターズ,入江 大生,投手,143,4,0,0,0,9,9,22,23,32,157,3.55,1.268,0.5,668,133,0.1991017964,70,62,14,160,66,3,5,4,1
横浜DeNAベイスターズ,馬場 皐輔,投手,115,3,0,0,0,7,4,0,22,29,126.2,3.48,1.413,0.636,552,126,0.2282608696,60,49,14,112,53,4,2,7,1
横浜DeNAベイスターズ,浜地 真澄,投手,129,1,0,0,0,6,5,0,27,33,134.1,3.55,1.169,0.545,555,133,0.2396396396,59,53,17,108,24,5,0,3,0
横浜DeNAベイスターズ,武田 陸玖,投手,1,0,0,0,0,1,0,0,0,1,1,9,2,1,4,2,0.5,1,1,0,0,0,0,0,0,0
横浜DeNAベイスターズ,平良 拳太郎,投手,5,4,0,0,0,2,1,0,0,0,21,3.86,1.19,0.667,88,18,0.2045454545,9,9,3,23,7,0,2,0,0
横浜DeNAベイスターズ,堀岡 隼人,投手,37,0,0,0,0,0,0,0,2,2,39.1,5.49,1.831,0,185,49,0.2648648649,27,24,6,42,23,2,0,1,0
広島東洋カープ,ハーン,投手,90,0,0,0,0,1,3,10,38,39,86,2.51,1.116,0.25,351,72,0.2051282051,25,24,4,80,24,3,3,4,0
広島東洋カープ,アドゥワ 誠,投手,110,36,2,1,1,16,14,0,6,13,301,3.77,1.346,0.533,1304,306,0.2346625767,144,126,30,167,99,3,13,4,0
広島東洋カープ,ケムナ 誠,投手,154,0,0,0,0,9,3,0,38,47,162.1,3.77,1.386,0.75,702,150,0.2136752137,76,68,9,151,75,3,6,8,0
広島東洋カープ,益田 武尚,投手,22,0,0,0,0,1,0,0,3,4,24.1,4.81,1.562,1,111,26,0.2342342342,13,13,4,26,12,0,3,1,0
広島東洋カープ,遠藤 淳志,投手,93,48,3,1,1,12,21,1,6,7,320.2,3.9,1.322,0.364,1381,299,0.2165097755,157,139,42,261,125,6,11,5,2
広島東洋カープ,岡本 駿,投手,41,0,0,0,0,1,1,0,1,2,40.2,2.88,1.23,0.5,169,44,0.2603550296,13,13,1,37,6,1,1,1,1
広島東洋カープ,河野 佳,投手,21,1,0,0,0,0,1,1,0,0,29,5.28,1.655,0,132,39,0.2954545455,17,17,7,28,9,0,2,2,0
広島東洋カープ,菊地 ハルン,投手,4,0,0,0,0,0,0,0,0,0,4,2.25,0.75,0,15,2,0.1333333333,1,1,0,1,1,0,0,0,0
広島東洋カープ,玉村 昇悟,投手,67,63,2,0,1,19,23,0,0,0,354.1,3.81,1.27,0.452,1498,362,0.2416555407,166,150,30,261,88,3,9,1,0
広島東洋カープ,栗林 良吏,投手,271,0,0,0,0,4,17,134,56,60,260.1,1.9,0.964,0.19,1020,155,0.1519607843,59,55,11,310,96,10,7,7,1
広島東洋カープ,黒原 拓未,投手,70,5,0,0,0,4,4,0,4,8,82,3.95,1.293,0.5,357,72,0.2016806723,37,36,3,91,34,0,4,2,1
広島東洋カープ,佐藤 柳之介,投手,6,5,0,0,0,1,2,0,0,0,25,3.6,1.4,0.333,108,22,0.2037037037,11,10,1,17,13,0,0,1,0
広島東洋カープ,床田 寛樹,投手,158,155,11,7,3,58,55,0,1,1,969,2.99,1.224,0.513,4019,935,0.2326449366,361,322,83,638,251,13,22,14,1
広島東洋カープ,松本 竜也,投手,79,0,0,0,0,4,6,1,12,16,82.1,3.61,1.36,0.4,357,84,0.2352941176,37,33,9,74,28,4,3,0,0
広島東洋カープ,常廣 羽也斗,投手,13,7,0,0,0,3,4,0,0,0,41,5.71,1.659,0.429,197,55,0.2791878173,31,26,2,31,13,0,5,2,0
広島東洋カープ,森 翔平,投手,48,40,2,1,0,13,13,0,1,1,229.1,3.53,1.256,0.5,974,234,0.2402464066,98,90,23,166,54,2,7,4,1
広島東洋カープ,森浦 大輔,投手,231,0,0,0,0,10,12,12,83,93,208.1,2.81,1.306,0.455,891,181,0.2031425365,66,65,12,200,91,15,12,11,1
広島東洋カープ,森下 暢仁,投手,134,134,14,6,3,53,48,0,0,0,900.1,2.72,1.194,0.525,3699,845,0.228440119,300,272,57,673,230,10,29,17,1
広島東洋カープ,斉藤 優汰,投手,2,1,0,0,0,0,1,0,0,0,5.2,7.94,1.588,0,26,7,0.2692307692,5,5,1,7,2,0,0,2,0
広島東洋カープ,赤木 晴哉,投手,4,0,0,0,0,0,0,0,0,0,4.1,10.38,2.538,0,24,10,0.4166666667,5,5,0,2,1,0,0,0,0
広島東洋カープ,大瀬良 大地,投手,299,240,21,7,7,94,79,2,24,29,1547.2,3.38,1.208,0.543,6458,1481,0.2293279653,656,582,150,1167,388,21,31,34,0
広島東洋カープ,滝田 一希,投手,8,0,0,0,0,1,0,0,0,1,12.1,2.19,1.135,1,50,5,0.1,3,3,0,12,9,0,0,0,0
広島東洋カープ,中﨑 翔太,投手,512,12,0,0,0,27,36,119,99,125,559.1,3.12,1.284,0.429,2377,520,0.2187631468,220,194,42,416,198,17,20,4,0
広島東洋カープ,長谷部 銀次,投手,10,0,0,0,0,0,0,0,1,1,12.1,6.57,1.541,0,55,10,0.1818181818,9,9,0,11,9,0,1,0,0
広島東洋カープ,辻 大雅,投手,16,0,0,0,0,0,0,0,0,0,16,1.13,0.938,0,62,12,0.1935483871,2,2,2,21,3,0,0,0,0
広島東洋カープ,島内 颯太郎,投手,316,0,0,0,0,19,16,3,118,137,305.2,2.91,1.22,0.543,1286,236,0.1835147745,119,99,14,326,137,7,7,16,1
広島東洋カープ,鈴木 健矢,投手,107,19,0,0,0,11,8,0,5,9,190,3.03,1.216,0.579,798,168,0.2105263158,71,64,10,95,63,5,14,1,1
広島東洋カープ,塹江 敦哉,投手,241,2,0,0,0,13,13,1,68,81,212.1,4.03,1.54,0.5,961,215,0.2237252862,109,95,21,193,112,10,13,14,0
広島東洋カープ,髙 太一,投手,9,8,1,0,0,3,2,0,1,1,47.1,2.47,1.035,0.6,187,35,0.1871657754,13,13,3,34,14,0,1,0,0
中日ドラゴンズ,アブレウ,投手,52,0,0,0,0,2,5,28,11,13,49,2.39,1.184,0.286,202,38,0.1881188119,17,13,1,33,20,3,3,0,0
中日ドラゴンズ,メヒア,投手,48,27,0,0,0,8,11,0,12,12,165.2,3.75,1.177,0.421,682,139,0.2038123167,70,69,16,99,56,3,6,2,0
中日ドラゴンズ,マラー,投手,20,20,0,0,0,4,11,0,0,0,113.1,3.65,1.253,0.267,481,111,0.2307692308,51,46,9,96,31,1,3,5,0
中日ドラゴンズ,伊藤 茉央,投手,43,0,0,0,0,2,0,0,4,6,39,3.23,1.462,1,173,34,0.1965317919,18,14,1,20,23,0,5,2,0
中日ドラゴンズ,吉田 聖弥,投手,5,0,0,0,0,0,1,0,0,0,9,5,1.667,0,40,10,0.25,6,5,1,3,5,0,0,0,0
中日ドラゴンズ,橋本 侑樹,投手,151,1,0,0,0,6,4,0,20,26,162.1,3.38,1.368,0.6,699,154,0.2203147353,72,61,8,153,68,3,11,4,0
中日ドラゴンズ,近藤 廉,投手,22,0,0,0,0,0,0,0,1,1,22.2,6.35,1.941,0,112,21,0.1875,20,16,1,23,23,0,1,2,0
中日ドラゴンズ,金丸 夢斗,投手,15,15,0,0,0,2,6,0,0,0,96.2,2.61,1.086,0.25,395,86,0.217721519,36,28,9,78,19,1,3,0,0
中日ドラゴンズ,根尾 昂,投手,34,4,0,0,0,0,1,0,1,1,55,4.09,1.455,0,241,51,0.2116182573,31,25,6,38,29,1,3,2,0
中日ドラゴンズ,三浦 瑞樹,投手,12,7,0,0,0,2,3,0,0,0,38,4.03,1.763,0.4,179,42,0.2346368715,20,17,4,25,25,1,3,1,1
中日ドラゴンズ,勝野 昌慶,投手,159,41,0,0,0,18,25,1,32,42,344.1,3.84,1.324,0.419,1453,335,0.2305574673,151,147,30,291,121,12,8,15,0
中日ドラゴンズ,松山 晋也,投手,148,0,0,0,0,3,5,46,63,66,142.1,1.39,1.005,0.375,567,101,0.1781305115,24,22,2,179,42,6,10,7,0
中日ドラゴンズ,松木平 優太,投手,9,9,0,0,0,2,4,0,0,0,51.2,3.48,1.239,0.333,216,48,0.2222222222,20,20,5,43,16,1,4,1,1
中日ドラゴンズ,松葉 貴大,投手,220,201,4,0,0,55,79,0,0,2,1140.1,3.58,1.278,0.41,4777,1105,0.231316726,483,453,93,637,352,7,29,35,3
中日ドラゴンズ,森 博人,投手,40,0,0,0,0,1,0,0,0,1,42.1,2.76,1.488,1,191,40,0.2094240838,13,13,4,38,23,1,6,3,0
中日ドラゴンズ,杉浦 稔大,投手,221,60,0,0,0,29,29,32,17,25,439.2,3.81,1.258,0.5,1849,392,0.21200649,199,186,54,410,161,8,12,18,0
中日ドラゴンズ,草加 勝,投手,1,1,0,0,0,0,1,0,0,0,3.1,13.5,2.7,0,21,8,0.380952381,5,5,0,5,1,0,1,0,0
中日ドラゴンズ,大野 雄大,投手,263,259,34,16,10,101,98,0,2,2,1709,2.97,1.122,0.508,6939,1484,0.2138636691,623,564,139,1321,434,9,44,20,0
中日ドラゴンズ,仲地 礼亜,投手,11,11,0,0,0,2,5,0,0,0,47,4.79,1.553,0.286,212,44,0.2075471698,25,25,6,40,29,1,1,1,0
中日ドラゴンズ,土生 翔太,投手,7,0,0,0,0,0,0,0,0,0,12,6,1.583,0,55,13,0.2363636364,10,8,0,9,6,0,0,0,0
中日ドラゴンズ,藤嶋 健人,投手,352,9,0,0,0,12,13,6,86,95,389,2.54,1.08,0.48,1572,302,0.1921119593,117,110,30,309,118,6,8,7,0
中日ドラゴンズ,梅津 晃大,投手,33,33,1,0,0,9,14,0,0,0,185.2,3.2,1.26,0.391,773,158,0.2043984476,72,66,12,167,76,3,10,7,0
中日ドラゴンズ,梅野 雄吾,投手,260,3,0,0,0,17,12,4,78,95,265.1,3.97,1.353,0.586,1143,238,0.208223972,131,117,32,241,121,6,10,16,0
中日ドラゴンズ,福 敬登,投手,290,1,0,0,0,13,12,2,86,99,271.2,3.25,1.233,0.52,1150,222,0.1930434783,112,98,18,226,113,9,12,5,0
中日ドラゴンズ,福田 幸之介,投手,1,0,0,0,0,0,0,0,0,0,1,0,0,0,3,0,0,0,0,0,1,0,0,0,0,0
中日ドラゴンズ,柳 裕也,投手,164,159,9,4,4,51,61,0,0,1,989.1,3.28,1.199,0.455,4092,916,0.2238514174,382,361,79,818,270,9,28,27,0
中日ドラゴンズ,涌井 秀章,投手,517,426,60,13,14,166,167,37,16,19,2857.1,3.58,1.265,0.498,12027,2778,0.2309802943,1244,1138,236,2085,836,25,117,90,2
中日ドラゴンズ,櫻井 頼之介,投手,5,4,0,0,0,0,3,0,0,0,19.1,6.52,1.603,0,89,25,0.2808988764,15,14,3,23,6,0,0,0,0
中日ドラゴンズ,齋藤 綱記,投手,204,0,0,0,0,12,5,0,55,67,165.1,3.16,1.367,0.706,719,154,0.21418637,65,58,11,155,72,8,10,5,1
中日ドラゴンズ,髙橋 宏斗,投手,91,90,5,4,1,33,32,0,0,1,578,2.32,1.102,0.508,2342,460,0.1964133219,170,149,26,547,177,7,22,23,0
東京ヤクルトスワローズ,リランソ,投手,7,0,0,0,0,0,0,0,5,5,6.2,0,0.75,0,25,3,0.12,0,0,0,10,2,0,0,0,0
東京ヤクルトスワローズ,ウォルターズ,投手,3,0,0,0,0,0,0,0,0,0,5,0,1.6,0,22,3,0.1363636364,0,0,0,5,5,0,0,0,0
東京ヤクルトスワローズ,奥川 恭伸,投手,50,48,0,0,0,17,17,0,0,0,274.2,3.6,1.278,0.5,1157,292,0.2523768366,117,110,31,209,59,2,9,7,1
東京ヤクルトスワローズ,下川 隼佑,投手,9,4,0,0,0,2,1,0,0,0,29.2,2.73,0.876,0.667,112,19,0.1696428571,9,9,2,20,7,0,2,0,0
東京ヤクルトスワローズ,丸山 翔大,投手,57,1,0,0,0,1,0,0,5,6,67.2,3.06,1.256,1,287,54,0.1881533101,25,23,5,59,31,2,3,4,0
東京ヤクルトスワローズ,吉村 貢司郎,投手,57,56,1,1,1,21,16,0,0,0,328.2,3.34,1.284,0.568,1387,342,0.2465753425,137,122,31,245,80,4,6,2,0
東京ヤクルトスワローズ,高橋 奎二,投手,113,109,2,1,1,33,33,0,1,2,598.2,3.77,1.325,0.5,2579,548,0.2124854595,278,251,77,604,245,14,44,17,1
東京ヤクルトスワローズ,高梨 裕稔,投手,196,146,4,3,1,48,54,0,2,6,890,3.93,1.307,0.471,3793,878,0.2314790403,421,389,110,750,285,12,31,28,3
東京ヤクルトスワローズ,坂本 拓己,投手,1,0,0,0,0,0,0,0,0,0,1,0,1,0,4,1,0.25,0,0,0,1,0,0,0,0,0
東京ヤクルトスワローズ,阪口 皓亮,投手,48,17,0,0,0,2,9,0,2,2,106.2,5.06,1.753,0.182,497,129,0.2595573441,66,60,9,69,58,4,5,8,1
東京ヤクルトスワローズ,山野 太一,投手,34,30,0,0,0,9,10,0,0,0,156.1,4.89,1.433,0.474,680,178,0.2617647059,93,85,22,115,46,7,5,1,1
東京ヤクルトスワローズ,小川 泰弘,投手,282,276,18,11,7,109,93,0,1,1,1715,3.64,1.227,0.54,7163,1680,0.2345386011,763,693,189,1280,425,14,32,17,1
東京ヤクルトスワローズ,松本 健吾,投手,6,5,0,0,0,4,0,0,0,1,32,2.25,1.031,1,125,23,0.184,10,8,3,33,10,0,0,0,1
東京ヤクルトスワローズ,沼田 翔平,投手,8,0,0,0,0,0,0,0,0,0,7.2,12.91,2.478,0,42,14,0.3333333333,11,11,4,6,5,1,0,1,0
東京ヤクルトスワローズ,星 知弥,投手,261,23,0,0,0,11,17,20,60,66,372.2,4.18,1.479,0.393,1641,374,0.2279098111,180,173,42,317,177,12,11,10,0
東京ヤクルトスワローズ,清水 昇,投手,293,3,0,0,0,9,30,4,153,162,303.1,3.5,1.193,0.231,1264,281,0.2223101266,133,118,39,291,81,14,7,6,1
東京ヤクルトスワローズ,青柳 晃洋,投手,157,156,6,3,0,61,49,0,0,0,911.2,3.15,1.244,0.555,3843,824,0.214415821,369,319,51,656,310,21,64,9,2
東京ヤクルトスワローズ,石原 勇輝,投手,3,0,0,0,0,0,0,0,0,0,5,10.8,2.4,0,28,9,0.3214285714,7,6,0,3,3,0,0,0,0
東京ヤクルトスワローズ,石山 泰稚,投手,569,33,0,0,0,32,42,104,128,153,734.2,3.34,1.281,0.432,3121,716,0.2294136495,301,273,59,670,225,29,17,26,1
東京ヤクルトスワローズ,石川 雅規,投手,550,531,27,9,13,188,193,0,4,5,3165.1,3.92,1.275,0.493,13336,3408,0.2555488902,1507,1379,377,1787,629,29,93,71,9
東京ヤクルトスワローズ,荘司 宏太,投手,45,0,0,0,0,2,1,0,28,30,42.2,1.05,0.844,0.667,160,19,0.11875,5,5,1,53,17,0,2,0,0
東京ヤクルトスワローズ,増居 翔太,投手,2,1,0,0,0,1,0,0,1,1,6,1.5,0.833,1,23,3,0.1304347826,1,1,0,7,2,0,0,0,0
東京ヤクルトスワローズ,大西 広樹,投手,237,2,0,0,0,20,9,5,60,80,267.1,2.79,1.276,0.69,1117,271,0.242614145,94,83,19,173,70,13,11,12,0
東京ヤクルトスワローズ,大道 温貴,投手,80,10,0,0,0,7,6,0,13,18,120,4.28,1.417,0.538,521,119,0.2284069098,59,57,14,96,51,3,6,2,0
東京ヤクルトスワローズ,拓也,投手,194,6,0,0,0,10,6,25,49,58,219.2,3.32,1.384,0.625,944,179,0.1896186441,85,81,18,195,125,7,3,8,0
東京ヤクルトスワローズ,竹山 日向,投手,1,0,0,0,0,0,0,0,0,0,1,0,0,0,3,0,0,0,0,0,1,0,0,0,0,0
東京ヤクルトスワローズ,中村 優斗,投手,4,4,0,0,0,1,2,0,0,0,16.1,5.51,1.898,0.333,81,25,0.3086419753,11,10,2,13,6,1,3,0,0
東京ヤクルトスワローズ,長谷川 宙輝,投手,72,0,0,0,0,3,2,0,9,12,74.1,5.81,1.682,0.6,342,84,0.2456140351,50,48,10,72,41,1,2,4,1
東京ヤクルトスワローズ,田口 麗斗,投手,367,113,6,3,1,47,57,44,68,78,888,3.32,1.283,0.452,3748,876,0.2337246531,371,328,82,710,263,15,34,15,1
東京ヤクルトスワローズ,木澤 尚文,投手,217,0,0,0,0,16,10,5,56,72,223.2,2.98,1.292,0.615,951,196,0.2060988433,83,74,12,175,93,11,14,16,1
東京ヤクルトスワローズ,廣澤 優,投手,11,0,0,0,0,2,0,0,1,3,11,1.64,0.727,1,40,5,0.125,2,2,0,8,3,0,1,1,0
福岡ソフトバンクホークス,スチュワート・ジュニア,投手,45,38,0,0,0,12,12,0,1,1,221,2.89,1.285,0.5,941,170,0.1806588735,78,71,13,208,114,1,7,9,0
福岡ソフトバンクホークス,ヘルナンデス,投手,91,0,0,0,0,4,5,3,30,34,89,2.93,1.101,0.444,365,71,0.1945205479,30,29,4,116,27,1,10,2,0
福岡ソフトバンクホークス,モイネロ,投手,355,49,5,2,1,42,17,40,135,154,630.1,1.8,0.957,0.712,2471,382,0.1545932821,147,126,37,749,221,11,22,11,0
福岡ソフトバンクホークス,,投手,148,0,0,0,0,10,8,68,33,43,148,2.31,0.892,0.556,559,107,0.1914132379,38,38,9,116,25,2,6,1,0
福岡ソフトバンクホークス,伊藤 優輔,投手,13,1,0,0,0,0,0,0,1,1,15.2,0.57,0.894,0,60,9,0.15,1,1,0,13,5,0,3,0,0
福岡ソフトバンクホークス,岩井 俊介,投手,23,0,0,0,0,1,1,1,3,4,22.1,3.22,1.119,0.5,94,21,0.2234042553,9,8,3,15,4,0,2,0,0
福岡ソフトバンクホークス,岩崎 峻典,投手,1,0,0,0,0,0,0,0,0,0,1,27,5,0,8,4,0.5,3,3,0,2,1,0,0,0,0
福岡ソフトバンクホークス,徐 若熙,投手,4,4,0,0,0,1,3,0,0,0,18.2,7.23,2.036,0.25,91,29,0.3186813187,15,15,5,17,9,0,1,0,0
福岡ソフトバンクホークス,松本 晴,投手,37,19,0,0,0,8,8,0,2,3,113.2,3.01,1.267,0.5,482,114,0.2365145228,43,38,7,113,30,3,7,2,0
福岡ソフトバンクホークス,松本 裕樹,投手,285,30,0,0,0,21,18,14,112,129,418.2,3.22,1.206,0.538,1744,343,0.1966743119,159,150,43,405,162,8,12,7,1
福岡ソフトバンクホークス,上沢 直之,投手,196,195,15,6,1,82,68,0,1,1,1263,3.14,1.164,0.547,5217,1085,0.2079739314,497,441,106,1028,385,6,44,27,7
福岡ソフトバンクホークス,上茶谷 大河,投手,129,55,3,3,1,20,23,0,5,12,393.1,4.21,1.373,0.465,1701,395,0.2322163433,210,184,44,308,145,18,13,11,2
福岡ソフトバンクホークス,杉山 一樹,投手,153,12,0,0,0,10,9,32,26,35,203,3.15,1.315,0.526,869,154,0.1772151899,78,71,17,238,113,0,13,12,0
福岡ソフトバンクホークス,川口 冬弥,投手,5,0,0,0,0,0,0,0,0,0,6,0,0.667,0,21,3,0.1428571429,0,0,0,7,1,0,0,0,0
福岡ソフトバンクホークス,前田 純,投手,11,11,0,0,0,3,2,0,0,0,55,2.78,1.164,0.6,233,47,0.2017167382,18,17,3,36,17,0,6,0,0
福岡ソフトバンクホークス,前田 悠伍,投手,5,4,0,0,0,1,1,0,0,0,19.1,5.12,1.448,0.5,84,26,0.3095238095,13,11,4,13,2,0,1,0,0
福岡ソフトバンクホークス,村田 賢一,投手,1,0,0,0,0,0,0,0,0,0,1,18,2,0,5,2,0.4,2,2,1,0,0,0,0,0,0
福岡ソフトバンクホークス,大関 友久,投手,6,6,0,0,0,1,3,0,0,0,33,5.73,1.727,0.25,152,46,0.3026315789,23,21,4,20,11,0,0,0,0
福岡ソフトバンクホークス,大江 竜聖,投手,165,0,0,0,0,7,1,0,35,42,140,3.47,1.229,0.875,590,100,0.1694915254,59,54,16,111,72,3,12,2,0
福岡ソフトバンクホークス,大山 凌,投手,44,2,0,0,0,2,2,1,4,6,58.1,2.78,1.286,0.5,248,49,0.1975806452,19,18,3,44,26,2,3,1,0
福岡ソフトバンクホークス,大竹 風雅,投手,2,0,0,0,0,0,0,0,0,0,3,0,2,0,16,2,0.125,4,0,0,1,4,0,0,0,0
福岡ソフトバンクホークス,大津 亮介,投手,6,6,0,0,0,4,0,0,0,0,41.1,1.52,0.944,1,158,34,0.2151898734,7,7,4,39,5,0,2,0,0
福岡ソフトバンクホークス,大野 稼頭央,投手,7,0,0,0,0,0,0,0,0,0,9,2,1.889,0,43,12,0.2790697674,4,2,0,3,5,0,1,1,0
福岡ソフトバンクホークス,長谷川 威展,投手,43,0,0,0,0,4,0,0,7,11,35.2,2.02,1.234,1,152,30,0.1973684211,8,8,1,28,14,3,1,0,0
福岡ソフトバンクホークス,津森 宥紀,投手,236,0,0,0,0,16,13,2,74,90,208,2.81,1.245,0.552,882,170,0.1927437642,68,65,15,218,89,8,18,3,0
福岡ソフトバンクホークス,田上 奏大,投手,2,2,0,0,0,0,0,0,0,0,7.1,2.45,1.364,0,31,4,0.1290322581,2,2,0,2,6,0,0,0,0
福岡ソフトバンクホークス,藤井 皓哉,投手,194,9,0,0,0,15,8,6,70,80,238.2,2.3,1.119,0.652,990,157,0.1585858586,71,61,13,315,110,6,12,7,0
福岡ソフトバンクホークス,尾形 崇斗,投手,80,0,0,0,0,4,2,0,8,12,87,4.14,1.264,0.667,371,81,0.218328841,47,40,13,93,29,1,1,3,1
福岡ソフトバンクホークス,木村 光,投手,18,0,0,0,0,0,0,1,1,1,23.2,1.14,0.845,0,89,14,0.1573033708,3,3,1,25,6,0,0,0,0
福岡ソフトバンクホークス,鈴木 豪太,投手,4,0,0,0,0,0,0,0,0,0,7,6.43,1.714,0,32,10,0.3125,5,5,2,8,2,0,0,0,1
福岡ソフトバンクホークス,澤柳 亮太郎,投手,11,0,0,0,0,2,1,0,0,2,10.2,3.38,1.031,0.667,42,7,0.1666666667,4,4,0,9,4,0,1,1,0
北海道日本ハムファイターズ,伊藤 大海,投手,126,123,17,9,5,55,41,1,1,1,828,2.87,1.15,0.573,3419,741,0.216730038,295,264,53,743,211,4,30,13,0
北海道日本ハムファイターズ,加藤 貴之,投手,249,199,13,6,9,67,64,0,7,11,1221.1,3.19,1.168,0.511,4994,1206,0.2414897877,468,433,107,808,221,8,20,13,1
北海道日本ハムファイターズ,河野 竜生,投手,207,26,0,0,0,10,21,1,81,87,296.2,3.37,1.19,0.323,1234,255,0.2066450567,132,111,29,225,98,8,18,13,0
北海道日本ハムファイターズ,菊地 大稀,投手,73,0,0,0,0,5,7,1,11,16,75.1,3.7,1.274,0.417,316,63,0.1993670886,35,31,7,92,33,2,2,2,0
北海道日本ハムファイターズ,宮西 尚生,投手,900,0,0,0,0,38,42,13,424,462,752,2.51,1.146,0.475,3114,609,0.1955684008,251,210,45,684,253,29,51,21,1
北海道日本ハムファイターズ,宮内 春輝,投手,15,0,0,0,0,1,0,0,1,2,16.2,6.48,1.68,1,78,23,0.2948717949,12,12,1,18,5,1,0,0,0
北海道日本ハムファイターズ,玉井 大翔,投手,368,0,0,0,0,13,17,4,89,102,326,3.06,1.252,0.433,1380,297,0.2152173913,128,111,20,198,111,10,21,11,0
北海道日本ハムファイターズ,金村 尚真,投手,61,32,4,3,1,14,14,0,11,14,256.1,2.53,1.053,0.5,1020,228,0.2235294118,77,72,19,183,42,0,5,4,0
北海道日本ハムファイターズ,古林 睿煬,投手,7,5,1,1,1,2,2,0,0,0,32.1,3.62,1.206,0.5,136,30,0.2205882353,16,13,4,34,9,1,0,0,0
北海道日本ハムファイターズ,根本 悠楓,投手,20,18,0,0,0,6,4,0,1,1,90,3.2,1.289,0.6,388,71,0.1829896907,35,32,10,80,45,0,8,2,0
北海道日本ハムファイターズ,細野 晴希,投手,8,8,0,0,0,3,1,0,0,0,45,2,1.178,0.75,185,26,0.1405405405,10,10,1,43,27,0,1,2,0
北海道日本ハムファイターズ,山本 拓実,投手,5,0,0,0,0,0,0,0,0,0,6,6,1,0,25,4,0.16,4,4,1,6,2,0,1,0,0
北海道日本ハムファイターズ,山﨑 福也,投手,227,149,5,2,3,56,56,0,3,10,946,3.57,1.239,0.5,3950,903,0.2286075949,424,375,103,561,269,7,33,21,1
北海道日本ハムファイターズ,柴田 獅子,投手,4,3,0,0,0,0,0,0,1,1,12.1,2.92,0.892,0,49,11,0.2244897959,4,4,0,7,0,0,2,0,0
北海道日本ハムファイターズ,松岡 洸希,投手,10,0,0,0,0,0,0,0,0,0,10,9.9,2.7,0,56,18,0.3214285714,12,11,1,6,9,0,1,0,0
北海道日本ハムファイターズ,上原 健太,投手,129,61,0,0,0,17,29,1,15,18,388.1,4.01,1.36,0.37,1669,406,0.2432594368,195,173,32,293,122,6,12,13,1
北海道日本ハムファイターズ,清宮 虎多朗,投手,3,0,0,0,0,0,0,0,0,0,3,12,2.333,0,16,4,0.25,4,4,0,1,3,0,0,1,0
北海道日本ハムファイターズ,生田目 翼,投手,83,5,0,0,0,2,5,1,15,16,107.1,3.69,1.23,0.286,443,100,0.2257336343,50,44,7,74,32,1,5,5,0
北海道日本ハムファイターズ,孫 易磊,投手,9,2,0,0,0,0,2,1,4,4,12.1,5.11,1.459,0,54,12,0.2222222222,7,7,2,10,6,0,0,0,0
北海道日本ハムファイターズ,達 孝太,投手,6,6,0,0,0,2,3,0,0,0,38.1,3.29,1.148,0.4,162,32,0.1975308642,16,14,4,37,12,0,2,0,0
北海道日本ハムファイターズ,池田 隆英,投手,6,0,0,0,0,0,0,0,0,0,5.2,7.94,1.588,0,26,7,0.2692307692,5,5,2,6,2,0,0,0,0
北海道日本ハムファイターズ,田中 正義,投手,193,0,0,0,0,7,10,58,40,47,189.1,2.71,1.088,0.412,775,146,0.1883870968,60,57,21,183,60,7,5,6,0
北海道日本ハムファイターズ,島本 浩也,投手,204,0,0,0,0,13,4,1,39,52,185,2.97,1.189,0.765,760,168,0.2210526316,66,61,15,145,52,3,8,4,0
北海道日本ハムファイターズ,畔柳 亨丞,投手,11,0,0,0,0,0,0,0,2,2,12,3,1.333,0,53,9,0.1698113208,5,4,2,6,7,0,0,1,0
北海道日本ハムファイターズ,福谷 浩司,投手,301,53,1,0,1,28,34,38,56,64,546.2,4.02,1.324,0.452,2317,581,0.250755287,260,244,57,411,143,2,10,29,2
北海道日本ハムファイターズ,福田 俊,投手,79,0,0,0,0,1,0,0,8,9,73.2,2.2,1.235,1,311,57,0.1832797428,21,18,5,61,34,1,2,6,0
北海道日本ハムファイターズ,福島 蓮,投手,20,20,0,0,0,7,3,0,0,0,105,3,1.143,0.7,427,88,0.206088993,44,35,10,72,32,0,4,1,0
北海道日本ハムファイターズ,北山 亘基,投手,105,47,5,1,0,23,16,9,17,20,348,2.41,1.106,0.59,1411,250,0.1771793055,106,93,24,346,135,2,13,5,3
北海道日本ハムファイターズ,堀 瑞輝,投手,230,18,0,0,0,13,16,8,70,81,243.2,4.8,1.408,0.448,1084,233,0.2149446494,136,130,35,250,110,2,20,6,0
北海道日本ハムファイターズ,矢澤 宏太,投手,19,0,0,0,0,1,2,0,3,4,15.1,3.52,1.63,0.333,69,12,0.1739130435,7,6,0,15,13,1,0,1,0
北海道日本ハムファイターズ,柳川 大晟,投手,58,1,0,0,0,3,4,19,8,11,57.1,2.2,1.064,0.429,235,31,0.1319148936,17,14,2,63,30,2,2,4,2
北海道日本ハムファイターズ,有原 航平,投手,198,194,17,8,7,98,71,2,1,1,1314.1,3.32,1.163,0.58,5408,1231,0.2276257396,537,485,124,958,297,5,50,25,1
北海道日本ハムファイターズ,齋藤 友貴哉,投手,126,2,0,0,0,3,6,4,22,25,135.2,3.12,1.319,0.333,582,118,0.2027491409,51,47,8,131,61,0,5,10,0
東北楽天ゴールデンイーグルス,加治屋 蓮,投手,291,0,0,0,0,15,15,2,85,100,258.1,3.8,1.432,0.5,1124,256,0.2277580071,117,109,23,207,114,10,13,16,1
東北楽天ゴールデンイーグルス,岸 孝之,投手,409,404,46,21,11,170,126,1,0,1,2680,3.11,1.115,0.574,10890,2354,0.2161616162,983,925,255,2200,634,14,68,36,2
東北楽天ゴールデンイーグルス,古謝 樹,投手,40,39,2,1,0,12,18,0,0,1,229.1,4,1.286,0.4,970,225,0.2319587629,108,102,24,163,70,1,10,1,0
東北楽天ゴールデンイーグルス,江原 雅裕,投手,31,0,0,0,0,1,1,0,1,2,33.1,3.51,1.77,0.5,156,37,0.2371794872,15,13,1,21,22,1,1,0,0
東北楽天ゴールデンイーグルス,今野 龍太,投手,224,1,0,0,0,11,6,1,52,63,236.2,3.76,1.361,0.647,1035,226,0.2183574879,104,99,19,191,96,7,12,12,1
東北楽天ゴールデンイーグルス,坂井 陽翔,投手,2,1,0,0,0,0,0,0,0,0,6,1.5,1.333,0,25,5,0.2,1,1,0,5,3,0,0,0,0
東北楽天ゴールデンイーグルス,柴田 大地,投手,8,0,0,0,0,1,0,0,0,1,11.2,3.09,1.971,1,56,14,0.25,8,4,1,10,9,0,0,1,0
東北楽天ゴールデンイーグルス,酒居 知史,投手,318,23,2,0,1,27,22,4,108,128,433,3.64,1.296,0.551,1840,382,0.2076086957,190,175,44,332,179,11,17,6,2
東北楽天ゴールデンイーグルス,松田 啄磨,投手,8,1,0,0,0,0,0,0,0,0,16,3.38,1.5,0,67,14,0.2089552239,6,6,2,8,10,0,0,0,0
東北楽天ゴールデンイーグルス,西垣 雅矢,投手,106,0,0,0,0,8,3,1,14,22,101.2,3.36,1.308,0.727,436,88,0.2018348624,42,38,8,92,45,2,6,7,0
東北楽天ゴールデンイーグルス,西口 直人,投手,173,2,0,0,0,12,7,1,71,83,195.1,2.53,1.142,0.632,802,151,0.1882793017,61,55,17,205,72,5,4,5,0
東北楽天ゴールデンイーグルス,前田 健太,投手,218,217,28,10,4,97,67,0,0,0,1509.2,2.39,1.048,0.591,6046,1263,0.2088984453,443,401,97,1233,319,9,38,18,2
東北楽天ゴールデンイーグルス,宋 家豪,投手,348,0,0,0,0,20,15,8,122,142,336.1,3,1.192,0.571,1379,281,0.2037708484,125,112,31,262,120,15,5,10,0
東北楽天ゴールデンイーグルス,早川 隆久,投手,101,100,3,2,0,35,37,0,0,0,609.1,3.34,1.177,0.486,2507,576,0.2297566813,241,226,63,543,141,2,11,10,2
東北楽天ゴールデンイーグルス,荘司 康誠,投手,45,45,0,0,0,14,13,0,0,0,255.2,3.63,1.248,0.519,1069,222,0.2076707203,108,103,17,233,97,0,12,12,0
東北楽天ゴールデンイーグルス,泰 勝利,投手,6,0,0,0,0,1,0,0,0,1,6.1,0,1.579,1,29,7,0.2413793103,1,0,0,14,3,0,1,0,0
東北楽天ゴールデンイーグルス,大内 誠弥,投手,2,2,0,0,0,0,0,0,0,0,9,2,1.111,0,36,5,0.1388888889,2,2,0,6,5,0,0,0,0
東北楽天ゴールデンイーグルス,瀧中 瞭太,投手,83,83,1,1,1,26,35,0,0,0,451,3.61,1.273,0.426,1902,448,0.2355415352,203,181,42,256,126,2,19,7,0
東北楽天ゴールデンイーグルス,中込 陽翔,投手,9,0,0,0,0,0,0,0,0,0,9,8,2,0,45,10,0.2222222222,8,8,2,4,8,1,0,0,0
東北楽天ゴールデンイーグルス,津留﨑 大成,投手,100,2,0,0,0,2,2,0,5,7,126.2,4.41,1.476,0.5,559,139,0.2486583184,67,62,5,94,48,3,7,5,0
東北楽天ゴールデンイーグルス,田中 千晴,投手,33,0,0,0,0,2,3,0,3,5,36.2,4.91,1.391,0.4,162,32,0.1975308642,22,20,4,45,19,0,0,1,0
東北楽天ゴールデンイーグルス,渡辺 翔太,投手,129,0,0,0,0,16,5,2,44,60,124.1,3.26,1.335,0.762,534,108,0.202247191,50,45,4,103,58,8,3,7,0
東北楽天ゴールデンイーグルス,藤井 聖,投手,58,54,0,0,0,21,14,0,0,0,289.2,2.98,1.391,0.6,1242,303,0.2439613527,111,96,19,166,100,0,13,5,0
東北楽天ゴールデンイーグルス,藤平 尚真,投手,154,42,1,0,0,12,19,13,41,43,312.2,3.48,1.251,0.387,1329,244,0.1835966892,135,121,38,301,147,5,15,18,1
東北楽天ゴールデンイーグルス,内 星龍,投手,98,33,0,0,0,13,15,1,8,13,249.1,3.07,1.211,0.464,1041,234,0.2247838617,96,85,20,122,68,4,7,4,1
東北楽天ゴールデンイーグルス,鈴木 翔天,投手,14,0,0,0,0,0,0,0,10,10,12.2,2.84,1.342,0,55,12,0.2181818182,5,4,1,14,5,0,0,0,0
埼玉西武ライオンズ,Ｅ．ラミレス,投手,27,0,0,0,0,1,0,0,7,8,26.2,1.01,1.05,1,106,16,0.1509433962,3,3,1,28,12,1,0,2,0
埼玉西武ライオンズ,ウィンゲンター,投手,49,0,0,0,0,1,4,0,31,32,46.2,1.74,0.986,0.2,188,26,0.1382978723,11,9,2,69,20,0,2,4,0
埼玉西武ライオンズ,ボー・タカハシ,投手,92,9,0,0,0,2,10,0,9,10,145.1,3.28,1.259,0.167,626,121,0.1932907348,63,53,7,105,62,2,20,5,0
埼玉西武ライオンズ,羽田 慎之介,投手,33,3,0,0,0,2,4,0,4,6,37.2,2.87,1.54,0.333,171,34,0.1988304094,15,12,0,36,24,0,5,2,1
埼玉西武ライオンズ,隅田 知一郎,投手,93,91,7,3,2,32,41,0,0,0,591,3.03,1.183,0.438,2435,553,0.2271047228,212,199,41,538,146,3,14,16,0
埼玉西武ライオンズ,甲斐野 央,投手,226,0,0,0,0,9,13,11,85,94,209,3.19,1.268,0.409,880,166,0.1886363636,77,74,16,215,99,5,12,6,0
埼玉西武ライオンズ,黒田 将矢,投手,18,0,0,0,0,1,0,0,0,1,22.2,3.18,1.456,1,98,23,0.2346938776,8,8,4,21,10,0,0,1,0
埼玉西武ライオンズ,黒木 優太,投手,164,4,0,0,0,11,12,3,50,61,171.1,4.2,1.354,0.478,731,154,0.2106703146,87,80,11,155,78,3,3,11,0
埼玉西武ライオンズ,佐藤 爽,投手,2,2,0,0,0,1,0,0,0,0,12,1.5,0.75,1,45,6,0.1333333333,2,2,1,10,3,0,1,0,0
埼玉西武ライオンズ,佐藤 隼輔,投手,124,9,0,0,0,6,9,0,41,44,143.2,3.51,1.329,0.4,614,126,0.2052117264,63,56,5,104,65,4,8,5,0
埼玉西武ライオンズ,山田 陽翔,投手,49,0,0,0,0,3,3,1,17,20,47.2,2.08,1.322,0.5,201,46,0.2288557214,12,11,3,31,17,0,1,1,0
埼玉西武ライオンズ,糸川 亮太,投手,26,0,0,0,0,0,3,0,2,2,34,4.76,1.176,0,139,29,0.2086330935,18,18,7,24,11,0,1,0,0
埼玉西武ライオンズ,篠原 響,投手,2,2,0,0,0,0,1,0,0,0,7,10.29,2.429,0,39,15,0.3846153846,8,8,1,8,2,0,1,0,0
埼玉西武ライオンズ,松本 航,投手,142,112,3,1,0,37,44,0,6,6,664.2,3.87,1.325,0.457,2849,589,0.2067392067,304,286,81,507,292,5,18,21,1
埼玉西武ライオンズ,上間 永遠,投手,5,5,0,0,0,1,1,0,0,0,21.1,6.33,1.641,0.5,94,26,0.2765957447,15,15,3,10,9,0,0,1,1
埼玉西武ライオンズ,上田 大河,投手,21,5,0,0,0,0,2,0,1,1,43.1,4.57,1.523,0,193,47,0.2435233161,22,22,3,17,19,0,1,1,0
埼玉西武ライオンズ,森脇 亮介,投手,195,0,0,0,0,15,5,6,53,68,182.1,2.71,1.261,0.75,770,145,0.1883116883,61,55,12,153,85,2,8,6,1
埼玉西武ライオンズ,杉山 遙希,投手,2,2,0,0,0,0,2,0,0,0,7,10.29,2.429,0,41,16,0.3902439024,15,8,1,4,1,0,1,1,0
埼玉西武ライオンズ,菅井 信也,投手,19,16,0,0,0,6,7,0,1,1,79.1,4.08,1.462,0.462,347,77,0.2219020173,36,36,9,69,39,0,0,0,0
埼玉西武ライオンズ,青山 美夏人,投手,47,7,1,1,0,1,5,3,1,1,80,3.15,1.275,0.167,336,65,0.193452381,30,28,8,47,37,0,0,5,1
埼玉西武ライオンズ,中村 祐太,投手,89,34,0,0,0,11,18,0,0,0,249.2,4.04,1.354,0.379,1071,248,0.2315592904,124,112,33,175,90,5,11,7,0
埼玉西武ライオンズ,渡邉 勇太朗,投手,59,51,1,1,1,16,18,0,2,2,301,2.9,1.276,0.471,1272,273,0.2146226415,109,97,18,174,111,0,13,10,0
埼玉西武ライオンズ,豆田 泰志,投手,36,0,0,0,0,0,1,1,6,6,37,3.89,1.622,0,170,41,0.2411764706,17,16,1,30,19,1,1,3,0
埼玉西武ライオンズ,浜屋 将太,投手,37,16,0,0,0,4,9,0,0,0,103.2,5.64,1.572,0.308,466,103,0.2210300429,69,65,15,62,60,0,8,6,0
埼玉西武ライオンズ,武内 夏暉,投手,33,33,1,1,0,14,11,0,0,0,208.2,3.11,1.107,0.56,844,190,0.2251184834,79,72,12,153,41,1,6,3,2
埼玉西武ライオンズ,平良 海馬,投手,308,34,1,1,0,27,20,62,111,124,484,1.84,1.112,0.574,1984,345,0.173891129,120,99,18,516,193,10,33,18,0
埼玉西武ライオンズ,堀越 啓太,投手,1,0,0,0,0,0,0,0,0,0,1,9,2,0,5,2,0.4,1,1,0,0,0,0,0,0,0
埼玉西武ライオンズ,與座 海人,投手,81,67,3,2,2,22,27,0,1,3,393.1,3.32,1.111,0.449,1612,350,0.2171215881,155,145,42,203,87,0,24,3,0
埼玉西武ライオンズ,髙橋 光成,投手,196,192,9,5,1,73,77,0,0,0,1199,3.39,1.296,0.487,5066,1131,0.2232530596,518,452,95,870,423,4,68,66,4
オリックス・バファローズ,エスピノーザ,投手,45,45,2,0,0,12,17,0,0,0,263.1,2.8,1.322,0.414,1116,253,0.226702509,91,82,5,232,95,0,11,6,0
オリックス・バファローズ,マチャド,投手,111,0,0,0,0,8,9,51,23,31,108.2,2.15,1.104,0.471,444,86,0.1936936937,29,26,1,126,34,3,4,0,0
オリックス・バファローズ,ペルドモ,投手,139,0,0,0,0,5,9,5,91,96,134,2.82,1.261,0.357,555,132,0.2378378378,46,42,5,92,37,4,1,1,0
オリックス・バファローズ,ジェリー,投手,5,5,0,0,0,1,1,0,0,0,31,1.16,0.903,0.5,120,21,0.175,4,4,0,23,7,0,1,1,0
オリックス・バファローズ,阿部 翔太,投手,1,0,0,0,0,0,0,0,0,0,0.2,40.5,6,0,6,4,0.6666666667,3,3,1,1,0,0,0,0,0
オリックス・バファローズ,宇田川 優希,投手,78,0,0,0,0,6,3,2,26,32,79.2,1.58,1.13,0.667,329,36,0.1094224924,17,14,4,98,54,3,2,4,0
オリックス・バファローズ,横山 楓,投手,7,0,0,0,0,1,1,0,1,2,6,3,1.333,0.5,27,6,0.2222222222,2,2,0,11,2,0,1,1,0
オリックス・バファローズ,岩嵜 翔,投手,362,58,5,2,0,35,34,11,113,131,653.1,3.49,1.215,0.507,2723,629,0.2309952259,277,253,58,479,165,2,20,14,0
オリックス・バファローズ,吉田 輝星,投手,119,14,0,0,0,7,9,0,23,29,143.2,5.26,1.469,0.438,628,149,0.2372611465,92,84,13,100,62,1,8,5,0
オリックス・バファローズ,宮城 大弥,投手,115,114,8,4,6,49,29,0,0,0,750,2.48,1.052,0.628,3029,631,0.2083195774,219,207,40,700,158,3,30,7,0
オリックス・バファローズ,九里 亜蓮,投手,285,220,12,7,5,82,75,0,6,13,1424.1,3.37,1.29,0.522,6021,1363,0.2263743564,593,533,121,1058,475,15,56,21,5
オリックス・バファローズ,権田 琉成,投手,9,0,0,0,0,1,0,0,0,1,11.1,5.56,1.588,1,52,16,0.3076923077,7,7,0,7,2,0,1,0,0
オリックス・バファローズ,古田島 成龍,投手,70,0,0,0,0,4,2,0,30,34,64,1.83,1.25,0.667,265,51,0.1924528302,15,13,3,57,29,2,2,1,0
オリックス・バファローズ,佐藤 一磨,投手,8,6,0,0,0,2,2,0,1,1,25,6.12,1.76,0.5,117,35,0.2991452991,21,17,6,18,9,0,2,1,0
オリックス・バファローズ,才木 海翔,投手,53,2,0,0,0,2,3,4,12,14,56.2,3.18,1.165,0.4,230,48,0.2086956522,22,20,3,51,18,0,0,5,0
オリックス・バファローズ,山岡 泰輔,投手,204,130,8,3,2,48,48,3,27,33,867.1,3.38,1.219,0.5,3604,799,0.2216981132,349,326,71,779,258,6,29,26,1
オリックス・バファローズ,山下 舜平大,投手,34,30,1,0,0,13,9,0,1,1,180.2,2.19,1.118,0.591,738,134,0.1815718157,49,44,8,215,68,0,10,10,1
オリックス・バファローズ,山口 廉王,投手,1,1,0,0,0,0,0,0,0,0,1,0,1,0,4,0,0,0,0,0,0,1,0,0,0,0
オリックス・バファローズ,山田 修義,投手,314,22,0,0,0,14,24,0,76,88,364.1,3.78,1.35,0.368,1556,338,0.2172236504,173,153,27,327,154,6,10,4,0
オリックス・バファローズ,山﨑 颯一郎,投手,112,13,0,0,0,5,7,10,37,40,161,3.02,1.224,0.417,669,135,0.201793722,58,54,11,152,62,1,8,2,0
オリックス・バファローズ,寺西 成騎,投手,11,8,0,0,0,2,3,0,1,1,35.2,5.3,1.71,0.4,163,46,0.282208589,22,21,2,20,15,0,0,0,0
オリックス・バファローズ,小木田 敦也,投手,67,1,0,0,0,5,1,0,20,25,76.2,2.23,1.057,0.833,302,62,0.2052980132,23,19,5,61,19,0,0,2,0
オリックス・バファローズ,川瀬 堅斗,投手,31,1,0,0,0,1,2,0,3,4,42.1,3.61,1.488,0.333,189,43,0.2275132275,18,17,1,21,20,3,3,2,0
オリックス・バファローズ,前 佑囲斗,投手,6,0,0,0,0,0,0,0,0,0,7,5.14,1.714,0,33,9,0.2727272727,5,4,1,7,3,0,0,0,0
オリックス・バファローズ,曽谷 龍平,投手,51,48,1,0,1,16,21,0,0,0,266,3.25,1.267,0.432,1114,270,0.2423698384,108,96,11,246,67,1,10,6,0
オリックス・バファローズ,田嶋 大樹,投手,138,138,4,4,3,49,43,0,0,0,814.1,3.45,1.239,0.533,3422,762,0.2226767972,344,312,76,653,247,1,23,20,2
オリックス・バファローズ,東 晃平,投手,30,26,0,0,0,11,6,0,0,0,150,2.7,1.153,0.647,624,130,0.2083333333,50,45,6,98,43,1,14,3,0
オリックス・バファローズ,東松 快征,投手,7,2,0,0,0,0,2,0,0,0,10,10.8,2.3,0,53,17,0.320754717,13,12,0,9,6,0,0,0,0
オリックス・バファローズ,入山 海斗,投手,23,0,0,0,0,2,0,0,1,3,21.1,4.64,0.891,1,81,12,0.1481481481,11,11,3,18,7,1,0,3,1
オリックス・バファローズ,博志,投手,161,6,0,0,0,8,12,18,28,35,191,4.62,1.524,0.4,856,201,0.2348130841,105,98,18,125,90,4,10,1,1
オリックス・バファローズ,富山 凌雅,投手,99,0,0,0,0,2,3,0,29,31,89,4.04,1.303,0.4,385,77,0.2,44,40,9,67,39,1,5,1,0
オリックス・バファローズ,平野 佳寿,投手,700,68,14,7,1,56,78,250,156,194,1116.2,2.97,1.152,0.418,4579,1017,0.2221008954,398,369,85,999,269,6,22,36,3
オリックス・バファローズ,片山 楽生,投手,4,0,0,0,0,0,0,0,0,0,5.1,3.38,1.5,0,24,6,0.25,2,2,0,3,2,0,0,0,0
オリックス・バファローズ,本田 仁海,投手,96,3,0,0,0,6,6,2,30,36,112,4.66,1.42,0.5,492,117,0.237804878,63,58,11,101,42,3,5,4,1
オリックス・バファローズ,椋木 蓮,投手,26,8,0,0,0,3,4,0,4,5,55.1,4.72,1.428,0.429,244,62,0.2540983607,32,29,2,47,17,0,3,3,0
オリックス・バファローズ,齋藤 響介,投手,9,9,0,0,0,2,3,0,0,0,41.2,3.67,1.248,0.4,182,31,0.1703296703,20,17,2,31,21,0,4,1,0
オリックス・バファローズ,髙島 泰都,投手,43,15,0,0,0,4,3,0,4,4,117.1,3.84,1.321,0.571,503,117,0.2326043738,52,50,4,61,38,3,8,3,0
千葉ロッテマリーンズ,ジャクソン,投手,50,50,0,0,0,18,14,0,0,0,293.2,2.6,1.188,0.563,1223,243,0.1986917416,99,85,17,230,106,7,15,16,0
千葉ロッテマリーンズ,ロング,投手,13,0,0,0,0,0,1,0,7,7,12.2,1.42,0.868,0,49,11,0.2244897959,3,2,2,8,0,0,0,0,0
千葉ロッテマリーンズ,一條 力真,投手,1,0,0,0,0,0,0,0,0,0,1,9,3,0,6,1,0.1666666667,1,1,0,1,2,0,0,1,0
千葉ロッテマリーンズ,益田 直也,投手,769,0,0,0,0,34,56,248,174,208,742.2,2.96,1.177,0.378,3091,635,0.2054351343,276,244,55,678,239,22,25,41,0
千葉ロッテマリーンズ,横山 陸人,投手,156,3,0,0,0,7,9,25,48,54,162,3.06,1.16,0.438,679,131,0.1929307806,60,55,9,147,57,7,13,8,0
千葉ロッテマリーンズ,河村 説人,投手,28,13,0,0,0,8,2,0,0,0,81.2,3.2,1.335,0.8,350,74,0.2114285714,32,29,6,51,35,3,2,1,0
千葉ロッテマリーンズ,菊地 吏玖,投手,42,1,0,0,0,1,2,1,2,3,51.2,3.66,1.413,0.333,227,52,0.2290748899,24,21,10,46,21,2,2,4,0
千葉ロッテマリーンズ,吉川 悠斗,投手,2,1,0,0,0,1,0,0,0,0,9,6,1.222,1,41,5,0.1219512195,7,6,1,6,6,0,2,1,0
千葉ロッテマリーンズ,宮﨑 颯,投手,2,0,0,0,0,0,0,0,0,0,2,0,1.5,0,9,3,0.3333333333,0,0,0,2,0,0,0,0,0
千葉ロッテマリーンズ,高野 脩汰,投手,61,2,0,0,0,7,6,0,18,25,90.1,2.59,1.14,0.538,375,77,0.2053333333,29,26,7,99,26,2,2,6,0
千葉ロッテマリーンズ,坂井 遼,投手,1,0,0,0,0,0,0,0,1,1,1,0,1,0,4,0,0,0,0,0,1,1,0,0,0,0
千葉ロッテマリーンズ,坂本 光士郎,投手,166,0,0,0,0,4,7,0,40,44,163.2,4.95,1.534,0.364,747,166,0.2222222222,100,90,22,145,85,6,16,10,0
千葉ロッテマリーンズ,種市 篤暉,投手,111,102,6,1,1,37,31,0,2,2,649.1,3.3,1.241,0.544,2738,590,0.215485756,262,238,54,672,216,2,30,26,1
千葉ロッテマリーンズ,小島 和哉,投手,155,155,8,3,3,53,57,0,0,0,939,3.6,1.273,0.482,3931,883,0.2246247774,407,376,92,653,312,2,32,14,1
千葉ロッテマリーンズ,小野 郁,投手,232,0,0,0,0,4,9,0,44,48,235,3.87,1.374,0.308,1025,224,0.2185365854,116,101,17,200,99,4,12,16,0
千葉ロッテマリーンズ,森 遼大朗,投手,10,8,0,0,0,1,5,0,0,0,41,6.8,1.634,0.167,192,52,0.2708333333,32,31,4,33,15,0,2,0,0
千葉ロッテマリーンズ,西野 勇士,投手,4,4,0,0,0,0,2,0,0,0,21.1,4.64,1.406,0,91,23,0.2527472527,11,11,3,14,7,0,0,0,0
千葉ロッテマリーンズ,石川 柊太,投手,204,145,4,3,0,60,48,0,8,17,925.1,3.46,1.223,0.556,3893,780,0.2003596198,388,356,101,768,352,3,75,21,1
千葉ロッテマリーンズ,早坂 響,投手,9,0,0,0,0,0,0,0,0,0,11,7.36,1.818,0,51,12,0.2352941176,9,9,1,4,8,0,0,2,0
千葉ロッテマリーンズ,大谷 輝龍,投手,1,0,0,0,0,0,0,0,0,0,1,0,1,0,4,1,0.25,0,0,0,3,0,0,0,0,0
千葉ロッテマリーンズ,中森 俊介,投手,45,6,0,0,0,6,5,5,10,15,75.2,2.26,1.031,0.545,306,59,0.1928104575,19,19,3,61,19,2,5,1,0
千葉ロッテマリーンズ,中村 亮太,投手,3,0,0,0,0,0,0,0,0,0,3.2,29.45,4.636,0,28,14,0.5,12,12,3,2,3,0,1,0,0
千葉ロッテマリーンズ,田中 晴也,投手,6,6,0,0,0,1,3,0,0,0,33,5.18,1.424,0.25,149,34,0.2281879195,21,19,5,29,13,0,2,0,0
千葉ロッテマリーンズ,唐川 侑己,投手,349,190,17,6,6,82,77,0,64,76,1334.2,3.7,1.284,0.516,5655,1379,0.2438549956,594,548,109,857,335,9,53,12,7
千葉ロッテマリーンズ,東妻 勇輔,投手,126,0,0,0,0,4,4,0,24,28,123,4.1,1.553,0.5,551,135,0.2450090744,65,56,15,89,56,3,4,10,1
千葉ロッテマリーンズ,八木 彬,投手,69,0,0,0,0,4,1,0,7,11,76.2,4.46,1.33,0.8,328,82,0.25,38,38,9,62,20,2,4,3,0
千葉ロッテマリーンズ,本前 郁也,投手,21,20,0,0,0,4,4,0,0,1,98.2,4.65,1.53,0.5,440,106,0.2409090909,54,51,22,62,45,1,4,2,1
千葉ロッテマリーンズ,木村 優人,投手,22,8,2,1,0,3,2,1,5,6,68,3.31,1.103,0.6,281,57,0.2028469751,34,25,7,50,18,0,2,0,0
千葉ロッテマリーンズ,鈴木 昭汰,投手,122,15,0,0,0,5,12,10,42,45,185.1,3.4,1.327,0.294,789,176,0.2230671736,78,70,16,163,70,2,5,5,0
千葉ロッテマリーンズ,廣池 康志郎,投手,18,1,0,0,0,1,3,0,4,5,20.1,4.87,1.328,0.25,87,21,0.2413793103,11,11,4,20,6,0,0,0,0
千葉ロッテマリーンズ,廣畑 敦也,投手,54,1,0,0,0,1,3,1,4,5,66.2,4.86,1.635,0.25,305,83,0.2721311475,42,36,8,54,26,3,2,4,0
千葉ロッテマリーンズ,澤田 圭佑,投手,13,0,0,0,0,1,1,0,6,7,13,0.69,0.692,0.5,49,9,0.1836734694,1,1,0,13,0,0,0,0,0